library,symbol,footprint,footprint_in_stock_libs,description
Sensor,ADE7758,Package_SO:SOIC-24W_7.5x15.4mm_P1.27mm,True,"Poly Phase Multifunction Energy Metering, SO-24"
Sensor,ADE7763xRS,Package_SO:SSOP-20_5.3x7.2mm_P0.65mm,True,"Single-Phase Active and Apparent Energy Metering, SSOP-20"
Sensor,ADE7953xCP,Package_CSP:LFCSP-28-1EP_5x5mm_P0.5mm_EP3.14x3.14mm,True,"Single Phase Multifunction Energy Metering with Neutral Current Measurement, LFCSP-28"
Sensor,AM2302,Sensor:ASAIR_AM2302_P2.54mm_Vertical,True,"3.3 to 5.0V, Temperature and humidity module,  DHT22, AM2302"
Sensor,APDS-9960,Sensor:Avago_APDS-9960,True,"Digital Proximity, Ambient Light, RGB and Gesture Sensor"
Sensor,AS3935,Package_DFN_QFN:MLPQ-16-1EP_4x4mm_P0.65mm_EP2.8x2.8mm,True,Programmable fully integrated Lightning Sensor IC
Sensor,BL0937,Package_SO:JEITA_SOIC-8_3.9x4.9mm_P1.27mm,True,"Single Phase Energy Meter IC with Integrated Oscillator, JEITA SOIC-8 (SOP-8)"
Sensor,BME280,Package_LGA:Bosch_LGA-8_2.5x2.5mm_P0.65mm_ClockwisePinNumbering,True,"3-in-1 sensor, humidity, pressure, temperature, I2C and SPI interface, 1.71-3.6V, LGA-8"
Sensor,BME680,Package_LGA:Bosch_LGA-8_3x3mm_P0.8mm_ClockwisePinNumbering,True,"4-in-1 sensor, gas, humidity, pressure, temperature, I2C and SPI interface, 1.71-3.6V, LGA-8"
Sensor,CHT11,Sensor:Aosong_DHT11_5.5x12.0_P2.54mm,True,Temperature and humidity module
Sensor,DHT11,Sensor:Aosong_DHT11_5.5x12.0_P2.54mm,True,"3.3V to 5.5V, temperature and humidity module, DHT11"
Sensor,LTC2990,Package_SO:MSOP-10_3x3mm_P0.5mm,True,"Temperature Voltage and Current Monitor, I2C Interface, MSOP-10"
Sensor,MAX30102,OptoDevice:Maxim_OLGA-14_3.3x5.6mm_P0.8mm,True,"Heart Rate Sensor, 14-OLGA"
Sensor,Nuclear-Radiation_Detector,,False,Generic radiation detector
Sensor,RPR-0521RS,Sensor:Rohm_RPR-0521RS,True,Digital Proximity and Ambient Light Sensor
Sensor,SHT1x,Sensor:SHT1x,True,Temperature and humidity module
Sensor_Audio,ICS-43434,Sensor_Audio:InvenSense_ICS-43434-6_3.5x2.65mm,True,"TDK InvenSense MEMS Microphone, 24-bit I2S, 65 dBA SNR, LGA-6"
Sensor_Audio,IM69D120,Sensor_Audio:Infineon_PG-LLGA-5-1,True,"High performance digital XENSIV MEMS microphone, -26 dBFS Sensitivity, LLGA-5"
Sensor_Audio,IM69D130,Sensor_Audio:Infineon_PG-LLGA-5-1,True,"High performance digital XENSIV MEMS microphone, -36 dBFS Sensitivity, LLGA-5"
Sensor_Audio,IM73A135V01,Sensor_Audio:Infineon_PG-LLGA-5-2,True,"IP57 Water and Dust Resistant, Differential MEMS Microphone, 135dBSPL AOP, 73dB SNR, PG-LLGA-5-2"
Sensor_Audio,MP45DT02,Sensor_Audio:ST_HLGA-6_3.76x4.72mm_P1.65mm,True,"MEMS Omnidirectional Digital Microphone, HLGA-6"
Sensor_Audio,SPH0641LU4H-1,Sensor_Audio:Knowles_LGA-5_3.5x2.65mm,True,"Digital MEMS Microphone, LGA-5"
Sensor_Audio,SPH0645LM4H,Sensor_Audio:Knowles_SPH0645LM4H-6_3.5x2.65mm,True,"Knowles MEMS Microphone, 24-bit I2S, 65 dBA SNR, LGA-6"
Sensor_Audio,SPM0687LR5H-1,Sensor_Audio:Knowles_LGA-6_4.72x3.76mm,True,"Differential/Single-Ended Analog MEMS Microphone, LGA-6"
Sensor_Current,A1363xKTTN-1,Sensor_Current:Allegro_SIP-4,True,"Programmable Linear Hall Effect Sensor, +0.6 to +1.3mV/G, SIP-4"
Sensor_Current,A1363xKTTN-10,Sensor_Current:Allegro_SIP-4,True,"Programmable Linear Hall Effect Sensor, +6.4 to +14mV/G, SIP-4"
Sensor_Current,A1363xKTTN-2,Sensor_Current:Allegro_SIP-4,True,"Programmable Linear Hall Effect Sensor, +1.3 to +2.9mV/G, SIP-4"
Sensor_Current,A1363xKTTN-5,Sensor_Current:Allegro_SIP-4,True,"Programmable Linear Hall Effect Sensor, +2.9 to +6.4mV/G, SIP-4"
Sensor_Current,A1365xKTTN-1,Sensor_Current:Allegro_SIP-4,True,"Programmable Linear Hall Effect Sensor, +0.6 to +1.3mV/G, SIP-4"
Sensor_Current,A1365xKTTN-10,Sensor_Current:Allegro_SIP-4,True,"Programmable Linear Hall Effect Sensor, +6.4 to +14mV/G, SIP-4"
Sensor_Current,A1365xKTTN-2,Sensor_Current:Allegro_SIP-4,True,"Programmable Linear Hall Effect Sensor, +1.3 to +2.9mV/G, SIP-4"
Sensor_Current,A1365xKTTN-5,Sensor_Current:Allegro_SIP-4,True,"Programmable Linear Hall Effect Sensor, +2.9 to +6.4mV/G, SIP-4"
Sensor_Current,A1366xKTTN-1,Sensor_Current:Allegro_SIP-4,True,"Programmable Linear Hall Effect Sensor, +1mV/G, SIP-4"
Sensor_Current,A1366xKTTN-10,Sensor_Current:Allegro_SIP-4,True,"Programmable Linear Hall Effect Sensor, +10mV/G, SIP-4"
Sensor_Current,A1366xKTTN-2,Sensor_Current:Allegro_SIP-4,True,"Programmable Linear Hall Effect Sensor, +2.5mV/G, SIP-4"
Sensor_Current,A1366xKTTN-5,Sensor_Current:Allegro_SIP-4,True,"Programmable Linear Hall Effect Sensor, +5mV/G, SIP-4"
Sensor_Current,A1367xKTTN-1,Sensor_Current:Allegro_SIP-4,True,"Programmable Linear Hall Effect Sensor, +0.6 to +1.3mV/G, SIP-4"
Sensor_Current,A1367xKTTN-10,Sensor_Current:Allegro_SIP-4,True,"Programmable Linear Hall Effect Sensor, +6.4 to +14mV/G, SIP-4"
Sensor_Current,A1367xKTTN-2,Sensor_Current:Allegro_SIP-4,True,"Programmable Linear Hall Effect Sensor, +1.3 to +2.9mV/G, SIP-4"
Sensor_Current,A1367xKTTN-5,Sensor_Current:Allegro_SIP-4,True,"Programmable Linear Hall Effect Sensor, +2.9 to +6.4mV/G, SIP-4"
Sensor_Current,ACS706xLC-05C,Package_SO:SOIC-8_3.9x4.9mm_P1.27mm,True,"±15A Bidirectional Hall Effect Linear Current Sensor, +5.0V supply, 133mV/A, SOIC-8, OBSOLETE"
Sensor_Current,ACS709xLFTR-10BB,Sensor_Current:Allegro_QSOP-24_3.9x8.7mm_P0.635mm,True,"±24A Bidirectional, Hall-Effect Current Sensor, +3.3V to +5.0V supply, 85mV/A @ +3.3V, QSOP-24"
Sensor_Current,ACS709xLFTR-20BB,Sensor_Current:Allegro_QSOP-24_3.9x8.7mm_P0.635mm,True,"±37.5A Bidirectional, Hall-Effect Current Sensor, +3.3V to +5.0V supply, 56mV/A @ +3.3V, QSOP-24"
Sensor_Current,ACS709xLFTR-35BB,Sensor_Current:Allegro_QSOP-24_3.9x8.7mm_P0.635mm,True,"±75A Bidirectional, Hall-Effect Current Sensor, +3.3V to +5.0V supply, 28mV/A @ +3.3V, QSOP-24"
Sensor_Current,ACS709xLFTR-6BB,Sensor_Current:Allegro_QSOP-24_3.9x8.7mm_P0.635mm,True,"±15A Bidirectional, Hall-Effect Current Sensor, +3.3V to +5.0V supply, 90mV/A @ +3.3V, QSOP-24"
Sensor_Current,ACS710xLATR-10BB,Package_SO:SOIC-16W_7.5x10.3mm_P1.27mm,True,"±12A Bidirectional, Hall-Effect Current Sensor, Latched Fault, +3.3V to +5.0V supply, 85mV/A @ +5.0V, SOIC-16W"
Sensor_Current,ACS710xLATR-10BB-NL,Package_SO:SOIC-16W_7.5x10.3mm_P1.27mm,True,"±12A Bidirectional, Hall-Effect Current Sensor, +3.3V to +5.0V supply, 85mV/A @ +5.0V, SOIC-16W"
Sensor_Current,ACS710xLATR-12BB,Package_SO:SOIC-16W_7.5x10.3mm_P1.27mm,True,"±12.5A Bidirectional, Hall-Effect Current Sensor, Latched Fault, +3.3V to +5.0V supply, 56mV/A @ +5.0V, SOIC-16W"
Sensor_Current,ACS710xLATR-12BB-NL,Package_SO:SOIC-16W_7.5x10.3mm_P1.27mm,True,"±12.5A Bidirectional, Hall-Effect Current Sensor, +3.3V to +5.0V supply, 56mV/A @ +5.0V, SOIC-16W"
Sensor_Current,ACS710xLATR-25BB,Package_SO:SOIC-16W_7.5x10.3mm_P1.27mm,True,"±25A Bidirectional, Hall-Effect Current Sensor, Latched Fault, +3.3V to +5.0V supply, 28mV/A @ +5.0V, SOIC-16W"
Sensor_Current,ACS710xLATR-25BB-NL,Package_SO:SOIC-16W_7.5x10.3mm_P1.27mm,True,"±25A Bidirectional, Hall-Effect Current Sensor, +3.3V to +5.0V supply, 28mV/A @ +5.0V, SOIC-16W"
Sensor_Current,ACS710xLATR-6BB,Package_SO:SOIC-16W_7.5x10.3mm_P1.27mm,True,"±6A Bidirectional, Hall-Effect Current Sensor, Latched Fault, +3.3V to +5.0V supply, 151mV/A @ +5.0V, SOIC-16W"
Sensor_Current,ACS710xLATR-6BB-NL,Package_SO:SOIC-16W_7.5x10.3mm_P1.27mm,True,"±6A Bidirectional, Hall-Effect Current Sensor, +3.3V to +5.0V supply, 151mV/A @ +5.0V, SOIC-16W"
Sensor_Current,ACS711xEXLT-15AB,Sensor_Current:Allegro_QFN-12-10-1EP_3x3mm_P0.5mm,True,"±15A Bidirectional Hall-Effect Current Sensor, +3.3V supply, 90mV/A, QFN-12"
Sensor_Current,ACS711xEXLT-31AB,Sensor_Current:Allegro_QFN-12-10-1EP_3x3mm_P0.5mm,True,"±31A Bidirectional, Hall-Effect Current Sensor, +3.3V supply, 45mV/A, QFN-12"
Sensor_Current,ACS711xLCTR-12AB,Package_SO:SOIC-8_3.9x4.9mm_P1.27mm,True,"±12.5A Bidirectional Hall-Effect Current Sensor, +3.3V supply, 110mV/A, SOIC-8"
Sensor_Current,ACS711xLCTR-25AB,Package_SO:SOIC-8_3.9x4.9mm_P1.27mm,True,"±25A, Bidirectional, Hall-Effect Current Sensor, +3.3V supply, 55mV/A, SOIC-8"
Sensor_Current,ACS712xLCTR-05B,Package_SO:SOIC-8_3.9x4.9mm_P1.27mm,True,"±5A Bidirectional Hall-Effect Current Sensor, +5.0V supply, 185mV/A, SOIC-8"
Sensor_Current,ACS712xLCTR-20A,Package_SO:SOIC-8_3.9x4.9mm_P1.27mm,True,"±20A Bidirectional Hall-Effect Current Sensor, +5.0V supply, 100mV/A, SOIC-8"
Sensor_Current,ACS712xLCTR-30A,Package_SO:SOIC-8_3.9x4.9mm_P1.27mm,True,"±30A Bidirectional Hall-Effect Current Sensor, +5.0V supply, 66mV/A, SOIC-8"
Sensor_Current,ACS713xLCTR-20A,Package_SO:SOIC-8_3.9x4.9mm_P1.27mm,True,"20A Unidirectional Hall-Effect Current Sensor, +5.0V supply, 185mV/A, SOIC-8"
Sensor_Current,ACS713xLCTR-30A,Package_SO:SOIC-8_3.9x4.9mm_P1.27mm,True,"30A Unidirectional Hall-Effect Current Sensor, +5.0V supply, 133mV/A, SOIC-8"
Sensor_Current,ACS714xLCTR-05B,Package_SO:SOIC-8_3.9x4.9mm_P1.27mm,True,"±5A Bidirectional Hall-Effect Current Sensor, +5.0V supply, 185mV/A, SOIC-8"
Sensor_Current,ACS714xLCTR-20A,Package_SO:SOIC-8_3.9x4.9mm_P1.27mm,True,"±20A Bidirectional Hall-Effect Current Sensor, +5.0V supply, 100mV/A, SOIC-8"
Sensor_Current,ACS714xLCTR-30A,Package_SO:SOIC-8_3.9x4.9mm_P1.27mm,True,"±30A Bidirectional Hall-Effect Current Sensor, +5.0V supply, 66mV/A, SOIC-8"
Sensor_Current,ACS714xLCTR-50A,Package_SO:SOIC-8_3.9x4.9mm_P1.27mm,True,"±50A Bidirectional Hall-Effect Current Sensor, +5.0V supply, 40mV/A, SOIC-8"
Sensor_Current,ACS715xLCTR-20A,Package_SO:SOIC-8_3.9x4.9mm_P1.27mm,True,"20A Unidirectional Hall-Effect Current Sensor, +5.0V supply, 185mV/A, SOIC-8"
Sensor_Current,ACS715xLCTR-30A,Package_SO:SOIC-8_3.9x4.9mm_P1.27mm,True,"30A Unidirectional Hall-Effect Current Sensor, +5.0V supply, 133mV/A, SOIC-8"
Sensor_Current,ACS716xLATR-12BB,Package_SO:SOIC-16W_7.5x10.3mm_P1.27mm,True,"±12.5A Bidirectional, Hall-Effect Current Sensor, Latched Fault, +3.3V supply, 37mV/A, SOIC-16W"
Sensor_Current,ACS716xLATR-12BB-NL,Package_SO:SOIC-16W_7.5x10.3mm_P1.27mm,True,"±12.5A Bidirectional, Hall-Effect Current Sensor, +3.3V supply, 37mV/A, SOIC-16W"
Sensor_Current,ACS716xLATR-25BB,Package_SO:SOIC-16W_7.5x10.3mm_P1.27mm,True,"±25A Bidirectional, Hall-Effect Current Sensor, Latched Fault, +3.3V supply, 18.5mV/A, SOIC-16W"
Sensor_Current,ACS716xLATR-25BB-NL,Package_SO:SOIC-16W_7.5x10.3mm_P1.27mm,True,"±25A Bidirectional, Hall-Effect Current Sensor, +3.3V supply, 18.5mV/A, SOIC-16W"
Sensor_Current,ACS716xLATR-6BB,Package_SO:SOIC-16W_7.5x10.3mm_P1.27mm,True,"±6A Bidirectional, Hall-Effect Current Sensor, Latched Fault, +3.3V supply, 100mV/A, SOIC-16W"
Sensor_Current,ACS716xLATR-6BB-NL,Package_SO:SOIC-16W_7.5x10.3mm_P1.27mm,True,"±6A Bidirectional, Hall-Effect Current Sensor, +3.3V supply, 100mV/A, SOIC-16W"
Sensor_Current,ACS717xMATR-10B,Package_SO:SOIC-16W_7.5x10.3mm_P1.27mm,True,"±10A Bidirectional, Hall-Effect Current Sensor, +3.3V supply, 133mV/A, SOIC-16W"
Sensor_Current,ACS717xMATR-20B,Package_SO:SOIC-16W_7.5x10.3mm_P1.27mm,True,"±20A Bidirectional, Hall-Effect Current Sensor, +3.3V supply, 66mV/A, SOIC-16W"
Sensor_Current,ACS718xMATR-10B,Package_SO:SOIC-16W_7.5x10.3mm_P1.27mm,True,"±10A Bidirectional, Hall-Effect Current Sensor, +5.0V supply, 200mV/A, SOIC-16W"
Sensor_Current,ACS718xMATR-20B,Package_SO:SOIC-16W_7.5x10.3mm_P1.27mm,True,"±20A Bidirectional, Hall-Effect Current Sensor, +5.0V supply, 100mV/A, SOIC-16W"
Sensor_Current,ACS720xMATR-15B,Package_SO:SOIC-16W_7.5x10.3mm_P1.27mm,True,"±15A Bidirectional, Hall-Effect Current Sensor, +5.0V supply, 90mV/A, SOIC-16W"
Sensor_Current,ACS720xMATR-35B,Package_SO:SOIC-16W_7.5x10.3mm_P1.27mm,True,"±35A Bidirectional, Hall-Effect Current Sensor, +5.0V supply, 38.5mV/A, SOIC-16W"
Sensor_Current,ACS720xMATR-65B,Package_SO:SOIC-16W_7.5x10.3mm_P1.27mm,True,"±65A Bidirectional, Hall-Effect Current Sensor, +5.0V supply, 20.5mV/A, SOIC-16W"
Sensor_Current,ACS722xLCTR-05AB,Package_SO:SOIC-8_3.9x4.9mm_P1.27mm,True,"±5A Bidirectional Hall-Effect Current Sensor, +3.3V supply, 264mV/A, SOIC-8"
Sensor_Current,ACS722xLCTR-10AB,Package_SO:SOIC-8_3.9x4.9mm_P1.27mm,True,"±10A Bidirectional Hall-Effect Current Sensor, +3.3V supply, 132mV/A, SOIC-8"
Sensor_Current,ACS722xLCTR-10AU,Package_SO:SOIC-8_3.9x4.9mm_P1.27mm,True,"10A Unidirectional Hall-Effect Current Sensor, +3.3V supply, 264mV/A, SOIC-8"
Sensor_Current,ACS722xLCTR-20AB,Package_SO:SOIC-8_3.9x4.9mm_P1.27mm,True,"±20A Bidirectional Hall-Effect Current Sensor, +3.3V supply, 66mV/A, SOIC-8"
Sensor_Current,ACS722xLCTR-20AU,Package_SO:SOIC-8_3.9x4.9mm_P1.27mm,True,"20A Unidirectional Hall-Effect Current Sensor, +3.3V supply, 132mV/A, SOIC-8"
Sensor_Current,ACS722xLCTR-40AB,Package_SO:SOIC-8_3.9x4.9mm_P1.27mm,True,"±40A Bidirectional Hall-Effect Current Sensor, +3.3V supply, 33mV/A, SOIC-8"
Sensor_Current,ACS722xLCTR-40AU,Package_SO:SOIC-8_3.9x4.9mm_P1.27mm,True,"40A Unidirectional Hall-Effect Current Sensor, +3.3V supply, 66mV/A, SOIC-8"
Sensor_Current,ACS722xMATR-10AB,Package_SO:SOIC-16W_7.5x10.3mm_P1.27mm,True,"±10A Bidirectional Hall-Effect Current Sensor, +3.3V supply, 132mV/A, SOIC-16"
Sensor_Current,ACS722xMATR-20AB,Package_SO:SOIC-16W_7.5x10.3mm_P1.27mm,True,"±20A Bidirectional Hall-Effect Current Sensor, +3.3V supply, 66mV/A, SOIC-16"
Sensor_Current,ACS722xMATR-40AB,Package_SO:SOIC-16W_7.5x10.3mm_P1.27mm,True,"±40A Bidirectional Hall-Effect Current Sensor, +3.3V supply, 33mV/A, SOIC-16"
Sensor_Current,ACS723xLCTR-05AB,Package_SO:SOIC-8_3.9x4.9mm_P1.27mm,True,"±5A Bidirectional Hall-Effect Current Sensor, +5.0V supply, 400mV/A, SOIC-8"
Sensor_Current,ACS723xLCTR-10AB,Package_SO:SOIC-8_3.9x4.9mm_P1.27mm,True,"±10A Bidirectional Hall-Effect Current Sensor, +5.0V supply, 200mV/A, SOIC-8"
Sensor_Current,ACS723xLCTR-10AU,Package_SO:SOIC-8_3.9x4.9mm_P1.27mm,True,"10A Unidirectional Hall-Effect Current Sensor, +5.0V supply, 400mV/A, SOIC-8"
Sensor_Current,ACS723xLCTR-20AB,Package_SO:SOIC-8_3.9x4.9mm_P1.27mm,True,"±20A Bidirectional Hall-Effect Current Sensor, +5.0V supply, 100mV/A, SOIC-8"
Sensor_Current,ACS723xLCTR-20AU,Package_SO:SOIC-8_3.9x4.9mm_P1.27mm,True,"20A Unidirectional Hall-Effect Current Sensor, +5.0V supply, 200mV/A, SOIC-8"
Sensor_Current,ACS723xLCTR-40AB,Package_SO:SOIC-8_3.9x4.9mm_P1.27mm,True,"±40A Bidirectional Hall-Effect Current Sensor, +5.0V supply, 50mV/A, SOIC-8"
Sensor_Current,ACS723xLCTR-40AU,Package_SO:SOIC-8_3.9x4.9mm_P1.27mm,True,"40A Unidirectional Hall-Effect Current Sensor, +5.0V supply, 100mV/A, SOIC-8"
Sensor_Current,ACS723xMATR-10AB,Package_SO:SOIC-16W_7.5x10.3mm_P1.27mm,True,"±10A Bidirectional Hall-Effect Current Sensor, +5.0V supply, 200mV/A, SOIC-16"
Sensor_Current,ACS723xMATR-20AB,Package_SO:SOIC-16W_7.5x10.3mm_P1.27mm,True,"±20A Bidirectional Hall-Effect Current Sensor, +5.0V supply, 100mV/A, SOIC-16"
Sensor_Current,ACS723xMATR-40AB,Package_SO:SOIC-16W_7.5x10.3mm_P1.27mm,True,"±40A Bidirectional Hall-Effect Current Sensor, +5.0V supply, 50mV/A, SOIC-16"
Sensor_Current,ACS724xLCTR-05AB,Package_SO:SOIC-8_3.9x4.9mm_P1.27mm,True,"±5A Bidirectional Hall-Effect Current Sensor, +5.0V supply, 400mV/A, SOIC-8"
Sensor_Current,ACS724xLCTR-10AB,Package_SO:SOIC-8_3.9x4.9mm_P1.27mm,True,"±10A Bidirectional Hall-Effect Current Sensor, +5.0V supply, 200mV/A, SOIC-8"
Sensor_Current,ACS724xLCTR-10AU,Package_SO:SOIC-8_3.9x4.9mm_P1.27mm,True,"10A Unidirectional Hall-Effect Current Sensor, +5.0V supply, 400mV/A, SOIC-8"
Sensor_Current,ACS724xLCTR-20AB,Package_SO:SOIC-8_3.9x4.9mm_P1.27mm,True,"±20A Bidirectional Hall-Effect Current Sensor, +5.0V supply, 100mV/A, SOIC-8"
Sensor_Current,ACS724xLCTR-20AU,Package_SO:SOIC-8_3.9x4.9mm_P1.27mm,True,"20A Unidirectional Hall-Effect Current Sensor, +5.0V supply, 200mV/A, SOIC-8"
Sensor_Current,ACS724xLCTR-30AB,Package_SO:SOIC-8_3.9x4.9mm_P1.27mm,True,"±30A Bidirectional Hall-Effect Current Sensor, +5.0V supply, 66mV/A, SOIC-8"
Sensor_Current,ACS724xLCTR-30AU,Package_SO:SOIC-8_3.9x4.9mm_P1.27mm,True,"30A Unidirectional Hall-Effect Current Sensor, +5.0V supply, 133mV/A, SOIC-8"
Sensor_Current,ACS724xLCTR-50AB,Package_SO:SOIC-8_3.9x4.9mm_P1.27mm,True,"±50A Bidirectional Hall-Effect Current Sensor, +5.0V supply, 40mV/A, SOIC-8"
Sensor_Current,ACS724xMATR-12AB,Package_SO:SOIC-16W_7.5x10.3mm_P1.27mm,True,"±12A Bidirectional Hall-Effect Current Sensor, +5.0V supply, 166mV/A, SOIC-16"
Sensor_Current,ACS724xMATR-20AB,Package_SO:SOIC-16W_7.5x10.3mm_P1.27mm,True,"±20A Bidirectional Hall-Effect Current Sensor, +5.0V supply, 100mV/A, SOIC-16"
Sensor_Current,ACS724xMATR-30AB,Package_SO:SOIC-16W_7.5x10.3mm_P1.27mm,True,"±30A Bidirectional Hall-Effect Current Sensor, +5.0V supply, 66mV/A, SOIC-16"
Sensor_Current,ACS724xMATR-30AU,Package_SO:SOIC-16W_7.5x10.3mm_P1.27mm,True,"30A Unidirectional Hall-Effect Current Sensor, +5.0V supply, 132mV/A, SOIC-16"
Sensor_Current,ACS724xMATR-65AB,Package_SO:SOIC-16W_7.5x10.3mm_P1.27mm,True,"±65A Bidirectional Hall-Effect Current Sensor, +5.0V supply, 30.75mV/A, SOIC-16"
Sensor_Current,ACS725xLCTR-10AU,Package_SO:SOIC-8_3.9x4.9mm_P1.27mm,True,"10A Unidirectional Hall-Effect Current Sensor, +3.3V supply, 264mV/A, SOIC-8"
Sensor_Current,ACS725xLCTR-20AB,Package_SO:SOIC-8_3.9x4.9mm_P1.27mm,True,"±20A Bidirectional Hall-Effect Current Sensor, +3.3V supply, 66mV/A, SOIC-8"
Sensor_Current,ACS725xLCTR-20AU,Package_SO:SOIC-8_3.9x4.9mm_P1.27mm,True,"20A Unidirectional Hall-Effect Current Sensor, +3.3V supply, 132mV/A, SOIC-8"
Sensor_Current,ACS725xLCTR-30AB,Package_SO:SOIC-8_3.9x4.9mm_P1.27mm,True,"±30A Bidirectional Hall-Effect Current Sensor, +3.3V supply, 44mV/A, SOIC-8"
Sensor_Current,ACS725xLCTR-30AU,Package_SO:SOIC-8_3.9x4.9mm_P1.27mm,True,"30A Unidirectional Hall-Effect Current Sensor, +3.3V supply, 88mV/A, SOIC-8"
Sensor_Current,ACS725xLCTR-40AB,Package_SO:SOIC-8_3.9x4.9mm_P1.27mm,True,"±40A Bidirectional Hall-Effect Current Sensor, +3.3V supply, 33mV/A, SOIC-8"
Sensor_Current,ACS725xLCTR-50AB,Package_SO:SOIC-8_3.9x4.9mm_P1.27mm,True,"±50A Bidirectional Hall-Effect Current Sensor, +3.3V supply, 26.4mV/A, SOIC-8"
Sensor_Current,ACS725xMATR-20AB,Package_SO:SOIC-16W_7.5x10.3mm_P1.27mm,True,"±20A Bidirectional Hall-Effect Current Sensor, +3.3V supply, 66mV/A, SOIC-16"
Sensor_Current,ACS725xMATR-30AB,Package_SO:SOIC-16W_7.5x10.3mm_P1.27mm,True,"±30A Bidirectional Hall-Effect Current Sensor, +3.3V supply, 44mV/A, SOIC-16"
Sensor_Current,ACS725xMATR-30AU,Package_SO:SOIC-16W_7.5x10.3mm_P1.27mm,True,"30A Unidirectional Hall-Effect Current Sensor, +3.3V supply, 88mV/A, SOIC-16"
Sensor_Current,ACS726xLFTR-20B,Sensor_Current:Allegro_QSOP-24_3.9x8.7mm_P0.635mm,True,"±20A Bidirectional Hall-Effect Current Sensor, +3.3V supply, 100mV/A, QSOP-24"
Sensor_Current,ACS726xLFTR-40B,Sensor_Current:Allegro_QSOP-24_3.9x8.7mm_P0.635mm,True,"±40A Bidirectional Hall-Effect Current Sensor, +3.3V supply, 50mV/A, QSOP-24"
Sensor_Current,ACS730xLCTR-20AB,Package_SO:SOIC-8_3.9x4.9mm_P1.27mm,True,"±20A Bidirectional Hall-Effect Current Sensor, +5.0V supply, 100mV/A, SOIC-8"
Sensor_Current,ACS730xLCTR-40AB,Package_SO:SOIC-8_3.9x4.9mm_P1.27mm,True,"±40A Bidirectional Hall-Effect Current Sensor, +5.0V supply, 50mV/A, SOIC-8"
Sensor_Current,ACS730xLCTR-40AU,Package_SO:SOIC-8_3.9x4.9mm_P1.27mm,True,"40A Unidirectional Hall-Effect Current Sensor, +5.0V supply, 100mV/A, SOIC-8"
Sensor_Current,ACS730xLCTR-50AB,Package_SO:SOIC-8_3.9x4.9mm_P1.27mm,True,"±50A Bidirectional Hall-Effect Current Sensor, +5.0V supply, 40mV/A, SOIC-8"
Sensor_Current,ACS730xLCTR-80AU,Package_SO:SOIC-8_3.9x4.9mm_P1.27mm,True,"80A Unidirectional Hall-Effect Current Sensor, +5.0V supply, 50mV/A, SOIC-8"
Sensor_Current,ACS732xLATR-40AB,Package_SO:SOIC-16W_7.5x10.3mm_P1.27mm,True,"±40A Bidirectional Hall-Effect Current Sensor, +5.0V supply, 50mV/A, SOIC-16"
Sensor_Current,ACS733xLATR-20AB,Package_SO:SOIC-16W_7.5x10.3mm_P1.27mm,True,"±20A Bidirectional Hall-Effect Current Sensor, +3.3V supply, 66mV/A, SOIC-16"
Sensor_Current,ACS733xLATR-40AB,Package_SO:SOIC-16W_7.5x10.3mm_P1.27mm,True,"±40A Bidirectional Hall-Effect Current Sensor, +3.3V supply, 33mV/A, SOIC-16"
Sensor_Current,ACS733xLATR-40AU,Package_SO:SOIC-16W_7.5x10.3mm_P1.27mm,True,"40A Unidirectional Hall-Effect Current Sensor, +3.3V supply, 66mV/A, SOIC-16"
Sensor_Current,ACS733xLATR-65AB,Package_SO:SOIC-16W_7.5x10.3mm_P1.27mm,True,"±65A Unidirectional Hall-Effect Current Sensor, +3.3V supply, 20mV/A, SOIC-16"
Sensor_Current,ACS756xCB-050B-PFF,Sensor_Current:Allegro_CB_PFF,True,"±50A Bidirectional Hall-Effect Current Sensor, +5.0V supply, 40mV/A, CB-5 PFF"
Sensor_Current,ACS756xCB-100B-PFF,Sensor_Current:Allegro_CB_PFF,True,"±100A Bidirectional Hall-Effect Current Sensor, +5.0V supply, 20mV/A, CB-5 PFF"
Sensor_Current,ACS758xCB-050B-PFF,Sensor_Current:Allegro_CB_PFF,True,"±50A Bidirectional Hall-Effect Current Sensor, +5.0V supply, 40mV/A, CB-5 PFF"
Sensor_Current,ACS758xCB-050U-PFF,Sensor_Current:Allegro_CB_PFF,True,"50A Unidirectional Hall-Effect Current Sensor, +5.0V supply, 60mV/A, CB-5 PFF"
Sensor_Current,ACS758xCB-100B-PFF,Sensor_Current:Allegro_CB_PFF,True,"±100A Bidirectional Hall-Effect Current Sensor, +5.0V supply, 20mV/A, CB-5 PFF"
Sensor_Current,ACS758xCB-100B-PSF,Sensor_Current:Allegro_CB_PSF,True,"±100A Bidirectional Hall-Effect Current Sensor, +5.0V supply, 20mV/A, CB-5 PSF"
Sensor_Current,ACS758xCB-100U-PFF,Sensor_Current:Allegro_CB_PFF,True,"100A Unidirectional Hall-Effect Current Sensor, +5.0V supply, 40mV/A, CB-5 PFF"
Sensor_Current,ACS758xCB-150B-PFF,Sensor_Current:Allegro_CB_PFF,True,"±150A Bidirectional Hall-Effect Current Sensor, +5.0V supply, 13.3mV/A, CB-5 PFF"
Sensor_Current,ACS758xCB-150B-PSS,Sensor_Current:Allegro_CB_PSS,True,"±150A Bidirectional Hall-Effect Current Sensor, +5.0V supply, 13.3mV/A, CB-5 PSS"
Sensor_Current,ACS758xCB-150U-PFF,Sensor_Current:Allegro_CB_PFF,True,"150A Unidirectional Hall-Effect Current Sensor, +5.0V supply, 26.7mV/A, CB-5 PFF"
Sensor_Current,ACS758xCB-150U-PSF,Sensor_Current:Allegro_CB_PSF,True,"150A Unidirectional Hall-Effect Current Sensor, +5.0V supply, 26.7mV/A, CB-5 PSF"
Sensor_Current,ACS758xCB-200B-PFF,Sensor_Current:Allegro_CB_PFF,True,"±200A Bidirectional Hall-Effect Current Sensor, +5.0V supply, 10mV/A, CB-5 PFF"
Sensor_Current,ACS758xCB-200B-PSF,Sensor_Current:Allegro_CB_PSF,True,"±200A Bidirectional Hall-Effect Current Sensor, +5.0V supply, 10mV/A, CB-5 PSF"
Sensor_Current,ACS758xCB-200B-PSS,Sensor_Current:Allegro_CB_PSS,True,"±200A Bidirectional Hall-Effect Current Sensor, +5.0V supply, 10mV/A, CB-5 PSS"
Sensor_Current,ACS758xCB-200U-PFF,Sensor_Current:Allegro_CB_PFF,True,"200A Unidirectional Hall-Effect Current Sensor, +5.0V supply, 20mV/A, CB-5 PFF"
Sensor_Current,ACS758xCB-200U-PSF,Sensor_Current:Allegro_CB_PSF,True,"200A Unidirectional Hall-Effect Current Sensor, +5.0V supply, 20mV/A, CB-5 PSF"
Sensor_Current,ACS759xCB-050B-PFF,Sensor_Current:Allegro_CB_PFF,True,"±50A Bidirectional Hall-Effect Current Sensor, +3.3V supply, 26.4mV/A, CB-5 PFF"
Sensor_Current,ACS759xCB-100B-PFF,Sensor_Current:Allegro_CB_PFF,True,"±100A Bidirectional Hall-Effect Current Sensor, +3.3V supply, 13.2mV/A, CB-5 PFF"
Sensor_Current,ACS759xCB-150B-PFF,Sensor_Current:Allegro_CB_PFF,True,"±150A Bidirectional Hall-Effect Current Sensor, +3.3V supply, 8.8mV/A, CB-5 PFF"
Sensor_Current,ACS759xCB-150B-PSS,Sensor_Current:Allegro_CB_PSS,True,"±150A Bidirectional Hall-Effect Current Sensor, +3.3V supply, 8.8mV/A, CB-5 PSS"
Sensor_Current,ACS759xCB-200B-PFF,Sensor_Current:Allegro_CB_PFF,True,"±200A Bidirectional Hall-Effect Current Sensor, +3.3V supply, 6.6mV/A, CB-5 PFF"
Sensor_Current,ACS759xCB-200B-PSS,Sensor_Current:Allegro_CB_PSS,True,"±200A Bidirectional Hall-Effect Current Sensor, +3.3V supply, 6.6mV/A, CB-5 PSS"
Sensor_Current,ACS770xCB-050B-PFF,Sensor_Current:Allegro_CB_PFF,True,"±50A Bidirectional Hall-Effect Current Sensor, +5.0V supply, 40mV/A, CB-5 PFF"
Sensor_Current,ACS770xCB-050U-PFF,Sensor_Current:Allegro_CB_PFF,True,"50A Unidirectional Hall-Effect Current Sensor, +5.0V supply, 80mV/A, CB-5 PFF"
Sensor_Current,ACS770xCB-100B-PFF,Sensor_Current:Allegro_CB_PFF,True,"±100A Bidirectional Hall-Effect Current Sensor, +5.0V supply, 20mV/A, CB-5 PFF"
Sensor_Current,ACS770xCB-100U-PFF,Sensor_Current:Allegro_CB_PFF,True,"100A Unidirectional Hall-Effect Current Sensor, +5.0V supply, 40mV/A, CB-5 PFF"
Sensor_Current,ACS770xCB-100U-PSF,Sensor_Current:Allegro_CB_PSF,True,"100A Unidirectional Hall-Effect Current Sensor, +5.0V supply, 40mV/A, CB-5 PSF"
Sensor_Current,ACS770xCB-150B-PFF,Sensor_Current:Allegro_CB_PFF,True,"±50A Bidirectional Hall-Effect Current Sensor, +5.0V supply, 13.3mV/A, CB-5 PFF"
Sensor_Current,ACS770xCB-150B-PSF,Sensor_Current:Allegro_CB_PSF,True,"±50A Bidirectional Hall-Effect Current Sensor, +5.0V supply, 13.3mV/A, CB-5 PSF"
Sensor_Current,ACS770xCB-150U-PFF,Sensor_Current:Allegro_CB_PFF,True,"50A Unidirectional Hall-Effect Current Sensor, +5.0V supply, 26.7mV/A, CB-5 PFF"
Sensor_Current,ACS770xCB-150U-PSF,Sensor_Current:Allegro_CB_PSF,True,"50A Unidirectional Hall-Effect Current Sensor, +5.0V supply, 26.7mV/A, CB-5 PSF"
Sensor_Current,ACS770xCB-200B-PFF,Sensor_Current:Allegro_CB_PFF,True,"±50A Bidirectional Hall-Effect Current Sensor, +5.0V supply, 10mV/A, CB-5 PFF"
Sensor_Current,ACS770xCB-200B-PSF,Sensor_Current:Allegro_CB_PSF,True,"±50A Bidirectional Hall-Effect Current Sensor, +5.0V supply, 10mV/A, CB-5 PSF"
Sensor_Current,ACS770xCB-200U-PFF,Sensor_Current:Allegro_CB_PFF,True,"50A Unidirectional Hall-Effect Current Sensor, +5.0V supply, 20mV/A, CB-5 PFF"
Sensor_Current,ACS770xCB-200U-PSF,Sensor_Current:Allegro_CB_PSF,True,"50A Unidirectional Hall-Effect Current Sensor, +5.0V supply, 20mV/A, CB-5 PSF"
Sensor_Current,ACS780xLRTR-050B,Sensor_Current:Allegro_PSOF-7_4.8x6.4mm_P1.60mm,True,"±50A Bidirectional Hall-Effect Current Sensor, +5.0V supply, 40mV/A, PSOF-7"
Sensor_Current,ACS780xLRTR-050U,Sensor_Current:Allegro_PSOF-7_4.8x6.4mm_P1.60mm,True,"50A Unidirectional Hall-Effect Current Sensor, +5.0V supply, 60mV/A, PSOF-7"
Sensor_Current,ACS780xLRTR-100B,Sensor_Current:Allegro_PSOF-7_4.8x6.4mm_P1.60mm,True,"±100A Bidirectional Hall-Effect Current Sensor, +5.0V supply, 20mV/A, PSOF-7"
Sensor_Current,ACS780xLRTR-100U,Sensor_Current:Allegro_PSOF-7_4.8x6.4mm_P1.60mm,True,"100A Unidirectional Hall-Effect Current Sensor, +5.0V supply, 40mV/A, PSOF-7"
Sensor_Current,ACS780xLRTR-150B,Sensor_Current:Allegro_PSOF-7_4.8x6.4mm_P1.60mm,True,"±150A Bidirectional Hall-Effect Current Sensor, +5.0V supply, 13.33mV/A, PSOF-7"
Sensor_Current,ACS780xLRTR-150U,Sensor_Current:Allegro_PSOF-7_4.8x6.4mm_P1.60mm,True,"150A Unidirectional Hall-Effect Current Sensor, +5.0V supply, 26.66mV/A, PSOF-7"
Sensor_Current,ACS781xLRTR-050B,Sensor_Current:Allegro_PSOF-7_4.8x6.4mm_P1.60mm,True,"±50A Bidirectional Hall-Effect Current Sensor, +3.3V supply, 26.4mV/A, PSOF-7"
Sensor_Current,ACS781xLRTR-050U,Sensor_Current:Allegro_PSOF-7_4.8x6.4mm_P1.60mm,True,"50A Unidirectional Hall-Effect Current Sensor, +3.3V supply, 39.6mV/A, PSOF-7"
Sensor_Current,ACS781xLRTR-100B,Sensor_Current:Allegro_PSOF-7_4.8x6.4mm_P1.60mm,True,"±100A Bidirectional Hall-Effect Current Sensor, +3.3V supply, 13.2mV/A, PSOF-7"
Sensor_Current,ACS781xLRTR-100U,Sensor_Current:Allegro_PSOF-7_4.8x6.4mm_P1.60mm,True,"100A Unidirectional Hall-Effect Current Sensor, +3.3V supply, 26.4mV/A, PSOF-7"
Sensor_Current,ACS781xLRTR-150B,Sensor_Current:Allegro_PSOF-7_4.8x6.4mm_P1.60mm,True,"±150A Bidirectional Hall-Effect Current Sensor, +3.3V supply, 8.8mV/A, PSOF-7"
Sensor_Current,ACS781xLRTR-150U,Sensor_Current:Allegro_PSOF-7_4.8x6.4mm_P1.60mm,True,"150A Unidirectional Hall-Effect Current Sensor, +3.3V supply, 17.6mV/A, PSOF-7"
Sensor_Current,CKSR_15-NP,Sensor_Current:LEM_CKSR,True,"Current Transducer, 15A, Unipolar, 0-5V Output, 4 Primary Windings"
Sensor_Current,CKSR_25-NP,Sensor_Current:LEM_CKSR,True,"Current Transducer, 25A, Unipolar, 0-5V Output, 4 Primary Windings"
Sensor_Current,CKSR_50-NP,Sensor_Current:LEM_CKSR,True,"Current Transducer, 50A, Unipolar, 0-5V Output, 4 Primary Windings"
Sensor_Current,CKSR_50-NP-SP1,Sensor_Current:LEM_CKSR,True,"Current Transducer, 50A, Unipolar, 0-5V Output, 3 Primary Windings"
Sensor_Current,CKSR_6-NP,Sensor_Current:LEM_CKSR,True,"Current Transducer, 6A, Unipolar, 0-5V Output, 4 Primary Windings"
Sensor_Current,CKSR_75-NP,Sensor_Current:LEM_CKSR,True,"Current Transducer, 75A, Unipolar, 0-5V Output, 5 Primary Windings"
Sensor_Current,CQ-2063,Sensor_Current:AKM_CQ_7,True,"High-Speed Small-Sized Current Sensor, Bidirectional, -35A to +35A, 60mV/A, CQ-7"
Sensor_Current,CQ-2064,Sensor_Current:AKM_CQ_7,True,"High-Speed Small-Sized Current Sensor, Bidirectional, -54A to +54A, 40mV/A, CQ-7"
Sensor_Current,CQ-2065,Sensor_Current:AKM_CQ_7,True,"High-Speed Small-Sized Current Sensor, Bidirectional, -85A to +85A, 25mV/A, CQ-7"
Sensor_Current,CQ-206A,Sensor_Current:AKM_CQ_7,True,"High-Speed Small-Sized Current Sensor, Bidirectional, -46A to +46A, 45mV/A, CQ-7"
Sensor_Current,CQ-206B,Sensor_Current:AKM_CQ_7,True,"High-Speed Small-Sized Current Sensor, Unidirectional, 0A to +45A, 90mV/A, CQ-7"
Sensor_Current,CQ-2092,Sensor_Current:AKM_CQ_7S,True,"High-Speed Small-Sized Current Sensor, Bidirectional, -21A to +21A, 100mV/A, CQ-7S"
Sensor_Current,CQ-2093,Sensor_Current:AKM_CQ_7S,True,"High-Speed Small-Sized Current Sensor, Bidirectional, -35A to +35A, 60mV/A, CQ-7S"
Sensor_Current,CQ-209A,Sensor_Current:AKM_CQ_7S,True,"High-Speed Small-Sized Current Sensor, Bidirectional, -31.8A to +31.8A, 66mV/A, CQ-7S"
Sensor_Current,CQ-209B,Sensor_Current:AKM_CQ_7S,True,"High-Speed Small-Sized Current Sensor, Unidirectional, -35A to 0A, 115mV/A, CQ-7S"
Sensor_Current,CQ-209D,Sensor_Current:AKM_CQ_7S,True,"High-Speed Small-Sized Current Sensor, Bidirectional, -41A to +41A, 50mV/A, CQ-7S"
Sensor_Current,CQ-2232,Sensor_Current:AKM_CQ_7,True,"High-Speed Small Current Sensor, Bidirectional, -21A to +21A, 62.5mV/A, CQ-7"
Sensor_Current,CQ-2233,Sensor_Current:AKM_CQ_7,True,"High-Speed Small Current Sensor, Bidirectional, -35A to +35A, 37.5mV/A, CQ-7"
Sensor_Current,CQ-2234,Sensor_Current:AKM_CQ_7,True,"High-Speed Small Current Sensor, Bidirectional, -54A to +54A, 24.5mV/A, CQ-7"
Sensor_Current,CQ-2235,Sensor_Current:AKM_CQ_7,True,"High-Speed Small Current Sensor, Bidirectional, -85A to +85A, 15.5mV/A, CQ-7"
Sensor_Current,CQ-2332,Sensor_Current:AKM_CQ_7,True,"High-Speed Small Current Sensor, Bidirectional, -21A to +21A, 100mV/A, CQ-7"
Sensor_Current,CQ-2333,Sensor_Current:AKM_CQ_7,True,"High-Speed Small Current Sensor, Bidirectional, -35A to +35A, 60mV/A, CQ-7"
Sensor_Current,CQ-2334,Sensor_Current:AKM_CQ_7,True,"High-Speed Small Current Sensor, Bidirectional, -54A to +54A, 40mV/A, CQ-7"
Sensor_Current,CQ-2335,Sensor_Current:AKM_CQ_7,True,"High-Speed Small Current Sensor, Bidirectional, -85A to +85A, 25mV/A, CQ-7"
Sensor_Current,CQ-2336,Sensor_Current:AKM_CQ_7,True,"High-Speed Small Current Sensor, Bidirectional, -170A to +170A, 12mV/A, CQ-7"
Sensor_Current,CQ-236B,Sensor_Current:AKM_CQ_7,True,"High-Speed Small-Sized Current Sensor, Unidirectional, 0A to +25A, 160mV/A, CQ-7"
Sensor_Current,CQ-3200,Sensor_Current:AKM_CQ_VSOP-24_5.6x7.9mm_P0.65mm,True,"High-Speed Response Coreless Current Sensor, Bidirectional, -8.5A to +8.5A, 155mV/A, VSOP-24"
Sensor_Current,CQ-3201,Sensor_Current:AKM_CQ_VSOP-24_5.6x7.9mm_P0.65mm,True,"High-Speed Response Coreless Current Sensor, Bidirectional, -10.1A to +10.1A, 130mV/A, VSOP-24"
Sensor_Current,CQ-3202,Sensor_Current:AKM_CQ_VSOP-24_5.6x7.9mm_P0.65mm,True,"High-Speed Response Coreless Current Sensor, Bidirectional, -21.1A to +21.1A, 62.5mV/A, VSOP-24"
Sensor_Current,CQ-3203,Sensor_Current:AKM_CQ_VSOP-24_5.6x7.9mm_P0.65mm,True,"High-Speed Response Coreless Current Sensor, Bidirectional, -35.7A to +35.7A, 37mV/A, VSOP-24"
Sensor_Current,CQ-3204,Sensor_Current:AKM_CQ_VSOP-24_5.6x7.9mm_P0.65mm,True,"High-Speed Response Coreless Current Sensor, Bidirectional, -44.0A to +44.0A, 30mV/A, VSOP-24"
Sensor_Current,CQ-320A,Sensor_Current:AKM_CQ_VSOP-24_5.6x7.9mm_P0.65mm,True,"High-Speed Response Coreless Current Sensor, Bidirectional, -29.3A to +29.3A, 45mV/A, VSOP-24"
Sensor_Current,CQ-320B,Sensor_Current:AKM_CQ_VSOP-24_5.6x7.9mm_P0.65mm,True,"High-Speed Response Coreless Current Sensor, Unidirectional, -1.1A to +20.9A, 120mV/A, VSOP-24"
Sensor_Current,CQ-3300,Sensor_Current:AKM_CQ_VSOP-24_5.6x7.9mm_P0.65mm,True,"High-Speed Response Coreless Current Sensor, Bidirectional, -6.4A to +6.4A, 325mV/A, VSOP-24"
Sensor_Current,CQ-3301,Sensor_Current:AKM_CQ_VSOP-24_5.6x7.9mm_P0.65mm,True,"High-Speed Response Coreless Current Sensor, Bidirectional, -10.7A to +10.7A, 195mV/A, VSOP-24"
Sensor_Current,CQ-3302,Sensor_Current:AKM_CQ_VSOP-24_5.6x7.9mm_P0.65mm,True,"High-Speed Response Coreless Current Sensor, Bidirectional, -21.0A to +21.0A, 100mV/A, VSOP-24"
Sensor_Current,CQ-3303,Sensor_Current:AKM_CQ_VSOP-24_5.6x7.9mm_P0.65mm,True,"High-Speed Response Coreless Current Sensor, Bidirectional, -35.0A to +35.0A, 60mV/A, VSOP-24"
Sensor_Current,CQ-330A,Sensor_Current:AKM_CQ_VSOP-24_5.6x7.9mm_P0.65mm,True,"High-Speed Response Coreless Current Sensor, Bidirectional, -31.8A to +31.8A, 66mV/A, VSOP-24"
Sensor_Current,CQ-330B,Sensor_Current:AKM_CQ_VSOP-24_5.6x7.9mm_P0.65mm,True,"High-Speed Response Coreless Current Sensor, Unidirectional, 0A to +21.0A, 195mV/A, VSOP-24"
Sensor_Current,CQ-330E,Sensor_Current:AKM_CQ_VSOP-24_5.6x7.9mm_P0.65mm,True,"High-Speed Response Coreless Current Sensor, Unidirectional, 0A to +20.5A, 200mV/A, VSOP-24"
Sensor_Current,CQ-330F,Sensor_Current:AKM_CQ_VSOP-24_5.6x7.9mm_P0.65mm,True,"High-Speed Response Coreless Current Sensor, Unidirectional, -2.0A to +42.0A, 80mV/A, VSOP-24"
Sensor_Current,CQ-330G,Sensor_Current:AKM_CQ_VSOP-24_5.6x7.9mm_P0.65mm,True,"High-Speed Response Coreless Current Sensor, Bidirectional, -4.5A to +4.5A, 450mV/A, VSOP-24"
Sensor_Current,CQ-330H,Sensor_Current:AKM_CQ_VSOP-24_5.6x7.9mm_P0.65mm,True,"High-Speed Response Coreless Current Sensor, Bidirectional, -42.0A to +42.0A, 50mV/A, VSOP-24"
Sensor_Current,CQ-330J,Sensor_Current:AKM_CQ_VSOP-24_5.6x7.9mm_P0.65mm,True,"High-Speed Response Coreless Current Sensor, Unidirectional, -2.0A to +42.0A, 82.7mV/A, VSOP-24"
Sensor_Current,CSLW6B1,Sensor_Current:Honeywell_CSLW,True,"Miniature Wired Open-Loop Current Sensors, 1A"
Sensor_Current,CSLW6B200M,Sensor_Current:Honeywell_CSLW,True,"Miniature Wired Open-Loop Current Sensors, 200mA"
Sensor_Current,CSLW6B40M,Sensor_Current:Honeywell_CSLW,True,"Miniature Wired Open-Loop Current Sensors, 40mA"
Sensor_Current,CSLW6B5,Sensor_Current:Honeywell_CSLW,True,"Miniature Wired Open-Loop Current Sensors, 5A"
Sensor_Current,CZ-3813,Sensor_Current:AKM_CZ_SSOP-10_6.5x8.1mm_P0.95mm,True,"Coreless Current Sensor, Bidirectional, -33.0A to +33.0A, 60mV/A, VSOP-24"
Sensor_Current,CZ-3814,Sensor_Current:AKM_CZ_SSOP-10_6.5x8.1mm_P0.95mm,True,"Coreless Current Sensor, Bidirectional, -50.0A to +50.0A, 40mV/A, VSOP-24"
Sensor_Current,CZ-3815,Sensor_Current:AKM_CZ_SSOP-10_6.5x8.1mm_P0.95mm,True,"Coreless Current Sensor, Bidirectional, -60.0A to +60.0A, 33mV/A, VSOP-24"
Sensor_Current,HO120-NP,Sensor_Current:LEM_HO40-NP,True,"Hall Effect Current Transducer, 120A, Unipolar, 5V, THT"
Sensor_Current,HO128-NP,Sensor_Current:LEM_HO40-NP,True,"Hall Effect Current Transducer, 128A, Unipolar, 5V, THT"
Sensor_Current,HO15-NP,Sensor_Current:LEM_HO8-NP,True,"Hall Effect Current Transducer, 15A, Unipolar, 5V, THT"
Sensor_Current,HO15-NPxSP33,Sensor_Current:LEM_HO8-NP,True,"Hall Effect Current Transducer, 15A, Unipolar, 3.3V, THT"
Sensor_Current,HO15-NSM,Sensor_Current:LEM_HO8-NSM,True,"Hall Effect Current Transducer, 15A, Unipolar, 5V, SMT"
Sensor_Current,HO150-NP,Sensor_Current:LEM_HO40-NP,True,"Hall Effect Current Transducer, 150A, Unipolar, 5V, THT"
Sensor_Current,HO25-NP,Sensor_Current:LEM_HO8-NP,True,"Hall Effect Current Transducer, 25A, Unipolar, 5V, THT"
Sensor_Current,HO25-NPxSP33,Sensor_Current:LEM_HO8-NP,True,"Hall Effect Current Transducer, 25A, Unipolar, 3.3V, THT"
Sensor_Current,HO25-NSM,Sensor_Current:LEM_HO8-NSM,True,"Hall Effect Current Transducer, 25A, Unipolar, 5V, SMT"
Sensor_Current,HO40-NP,Sensor_Current:LEM_HO40-NP,True,"Hall Effect Current Transducer, 40A, Unipolar, 5V, THT"
Sensor_Current,HO60-NP,Sensor_Current:LEM_HO40-NP,True,"Hall Effect Current Transducer, 60A, Unipolar, 5V, THT"
Sensor_Current,HO8-NP,Sensor_Current:LEM_HO8-NP,True,"Hall Effect Current Transducer, 8A, Unipolar, 5V, THT"
Sensor_Current,HO8-NPxSP33,Sensor_Current:LEM_HO8-NP,True,"Hall Effect Current Transducer, 8A, Unipolar, 3.3V, THT"
Sensor_Current,HO8-NSM,Sensor_Current:LEM_HO8-NSM,True,"Hall Effect Current Transducer, 8A, Unipolar, 5V, SMT"
Sensor_Current,HTFS200-P,Sensor_Current:LEM_HTFS,True,"Current Transducer, 200A, Unipolar, 5V"
Sensor_Current,HTFS400-P,Sensor_Current:LEM_HTFS,True,"Current Transducer, 400A, Unipolar, 5V"
Sensor_Current,HTFS600-P,Sensor_Current:LEM_HTFS,True,"Current Transducer, 600A, Unipolar, 5V"
Sensor_Current,HTFS800-P,Sensor_Current:LEM_HTFS,True,"Current Transducer, 800A, Unipolar, 5V"
Sensor_Current,HX02-P,Sensor_Current:LEM_HX02-P,True,"Current Transducer, 2A, Bipolar, ±15V"
Sensor_Current,HX03-P-SP2,Sensor_Current:LEM_HX03-P-SP2,True,"Current Transducer, 3A, Unipolar, ±15V"
Sensor_Current,HX04-P,Sensor_Current:LEM_HX04-P,True,"Current Transducer, 4A, Bipolar, ±15V"
Sensor_Current,HX05-NP,Sensor_Current:LEM_HX05-NP,True,"Current Transducer, 5A, Bipolar, ±15V"
Sensor_Current,HX05-P-SP2,Sensor_Current:LEM_HX05-P-SP2,True,"Current Transducer, 5A, Unipolar, ±15V"
Sensor_Current,HX06-P,Sensor_Current:LEM_HX06-P,True,"Current Transducer, 6A, Bipolar, ±15V"
Sensor_Current,HX10-NP,Sensor_Current:LEM_HX10-NP,True,"Current Transducer, 10A, Bipolar, ±15V"
Sensor_Current,HX10-P-SP2,Sensor_Current:LEM_HX10-P-SP2,True,"Current Transducer, 10A, Unipolar, ±15V"
Sensor_Current,HX15-NP,Sensor_Current:LEM_HX15-NP,True,"Current Transducer, 15A, Bipolar, ±15V"
Sensor_Current,HX15-P-SP2,Sensor_Current:LEM_HX15-P-SP2,True,"Current Transducer, 15A, Unipolar, ±15V"
Sensor_Current,HX20-P-SP2,Sensor_Current:LEM_HX20-P-SP2,True,"Current Transducer, 20A, Unipolar, ±15V"
Sensor_Current,HX25-P-SP2,Sensor_Current:LEM_HX25-P-SP2,True,"Current Transducer, 25A, Unipolar, ±15V"
Sensor_Current,HX50-P-SP2,Sensor_Current:LEM_HX50-P-SP2,True,"Current Transducer, 50A, Unipolar, ±15V"
Sensor_Current,IR2175,,False,"Linear Current Sensing IC, PWM output, 600V, PDIP-8/SOIC-8"
Sensor_Current,IR21771S,Package_SO:SOIC-16W_7.5x10.3mm_P1.27mm,True,"Phase Current Sensor IC for AC Motor Control, PWM output, 600V, SOIC-16W"
Sensor_Current,IR2177S,Package_SO:SOIC-16W_7.5x10.3mm_P1.27mm,True,"Phase Current Sensor IC for AC Motor Control, PWM and ADC output, 600V, SOIC-16W"
Sensor_Current,IR22771S,Package_SO:SOIC-16W_7.5x10.3mm_P1.27mm,True,"Phase Current Sensor IC for AC Motor Control, PWM output, 1200V, SOIC-16W"
Sensor_Current,IR2277S,Package_SO:SOIC-16W_7.5x10.3mm_P1.27mm,True,"Phase Current Sensor IC for AC Motor Control, PWM and ADC output, 1200V, SOIC-16W"
Sensor_Current,IR25750L,Package_TO_SOT_SMD:SOT-23-5,True,"Current Sensing IC, 600V, SOT-23-5"
Sensor_Current,LA100-P,Sensor_Current:LEM_LA25-P,True,"Current Transducer, 100A, Bipolar, ±15V"
Sensor_Current,LA25-NP,Sensor_Current:LEM_LA25-NP,True,"Current Transducer, 25A, Tripolar, +/-15V"
Sensor_Current,LA25-P,Sensor_Current:LEM_LA25-P,True,"Current Transducer, 25A, Bipolar, ±15V"
Sensor_Current,LA55-P,Sensor_Current:LEM_LA25-P,True,"Current Transducer, 50A, Bipolar, ±15V"
Sensor_Current,LTSR15-NP,Sensor_Current:LEM_LTSR-NP,True,"Current Transducer, Unipolar, 15A, 5V supply, DC, AC, pulsed"
Sensor_Current,LTSR25-NP,Sensor_Current:LEM_LTSR-NP,True,"Current Transducer, Unipolar, 25A, 5V supply, DC, AC, pulsed"
Sensor_Current,LTSR6-NP,Sensor_Current:LEM_LTSR-NP,True,"Current Transducer, Unipolar, 6A, 5V supply, DC, AC, pulsed"
Sensor_Current,MCA1101-20-3,Package_SO:SOIC-16W_7.5x10.3mm_P1.27mm,True,"High Accuracy Current Sensor IC with 1.5MHz 3dB Bandwidth and Isolation, ±20A, 3.3V Supply, Fixed Gain, 60 mV/A, SOIC-16W"
Sensor_Current,MCA1101-20-5,Package_SO:SOIC-16W_7.5x10.3mm_P1.27mm,True,"High Accuracy Current Sensor IC with 1.5MHz 3dB Bandwidth and Isolation, ±20A, 5V Supply, Fixed Gain, 90 mV/A, SOIC-16W"
Sensor_Current,MCA1101-5-3,Package_SO:SOIC-16W_7.5x10.3mm_P1.27mm,True,"High Accuracy Current Sensor IC with 1.5MHz 3dB Bandwidth and Isolation, ±5A, 3.3V Supply, Fixed Gain, 230 mV/A, SOIC-16W"
Sensor_Current,MCA1101-5-5,Package_SO:SOIC-16W_7.5x10.3mm_P1.27mm,True,"High Accuracy Current Sensor IC with 1.5MHz 3dB Bandwidth and Isolation, ±5A, 5V Supply, Fixed Gain, 350 mV/A, SOIC-16W"
Sensor_Current,MCA1101-50-3,Package_SO:SOIC-16W_7.5x10.3mm_P1.27mm,True,"High Accuracy Current Sensor IC with 1.5MHz 3dB Bandwidth and Isolation, ±50A, 3.3V Supply, Fixed Gain, 25 mV/A, SOIC-16W"
Sensor_Current,MCA1101-50-5,Package_SO:SOIC-16W_7.5x10.3mm_P1.27mm,True,"High Accuracy Current Sensor IC with 1.5MHz 3dB Bandwidth and Isolation, ±50A, 5V Supply, Fixed Gain, 35 mV/A, SOIC-16W"
Sensor_Current,MCA1101-65-5,Package_SO:SOIC-16W_7.5x10.3mm_P1.27mm,True,"High Accuracy Current Sensor IC with 1.5MHz 3dB Bandwidth and Isolation, ±65A, 5V Supply, Fixed Gain, 27 mV/A, SOIC-16W"
Sensor_Distance,TMF8820,Sensor_Distance:AMS_OLGA12,True,"5m distance ranging ToF sensor, 3x3 zones, LGA-12"
Sensor_Distance,TMF8821,Sensor_Distance:AMS_OLGA12,True,"5m distance ranging ToF sensor, 3x3, 4x4, 3x6 zones, LGA-12"
Sensor_Distance,TMF8828,Sensor_Distance:AMS_OLGA12,True,"5m distance ranging ToF sensor, 3x3, 4x4, 3x6, 8x8 zones, LGA-12"
Sensor_Distance,VL53L0CXV0DH1,Sensor_Distance:ST_VL53L1x,True,"2m distance ranging ToF sensor, Optical LGA12"
Sensor_Distance,VL53L1CXV0FY1,Sensor_Distance:ST_VL53L1x,True,"4m distance ranging ToF sensor, Optical LGA12"
Sensor_Energy,ATM90E26-YU,Package_SO:SSOP-28_5.3x10.2mm_P0.65mm,True,"High precision energy metering device for single-phase two-wire and single-phase three-wire, SSOP-28"
Sensor_Energy,INA219AxD,Package_SO:SOIC-8_3.9x4.9mm_P1.27mm,True,"Zero-Drift, Bidirectional Current/Power Monitor (0-26V) With I2C Interface, SOIC-8"
Sensor_Energy,INA219AxDCN,Package_TO_SOT_SMD:SOT-23-8,True,"Zero-Drift, Bidirectional Current/Power Monitor (0-26V) With I2C Interface, SOT-23-8"
Sensor_Energy,INA219BxD,Package_SO:SOIC-8_3.9x4.9mm_P1.27mm,True,"Zero-Drift, HighAccuracy, Bidirectional Current/Power Monitor (0-26V) With I2C Interface, SOIC-8"
Sensor_Energy,INA219BxDCN,Package_TO_SOT_SMD:SOT-23-8,True,"Zero-Drift, HighAccuracy, Bidirectional Current/Power Monitor (0-26V) With I2C Interface, SOT-23-8"
Sensor_Energy,INA226,Package_SO:TSSOP-10_3x3mm_P0.5mm,True,"High-Side or Low-Side Measurement, Bi-Directional Current and Power Monitor (0-36V) with I2C Compatible Interface, TSSOP-10 (Texas DGS0010A / VSSOP)"
Sensor_Energy,INA228,Package_SO:TSSOP-10_3x3mm_P0.5mm,True,"High-Side or Low-Side Measurement, Bi-Directional Current and Power Monitor (0-85V) with I2C, SMBus-, and PMBus-Compatible Interface, TSSOP-10 (Texas DGS0010A / VSSOP)"
Sensor_Energy,INA229,Package_SO:TSSOP-10_3x3mm_P0.5mm,True,"85V, 20-bit, Ultra-Precise Power/Energy/Charge Monitor, SPI Interface, TSSOP-10 (Texas DGS0010A / VSSOP)"
Sensor_Energy,INA233,Package_SO:TSSOP-10_3x3mm_P0.5mm,True,"High-Side or Low-Side Measurement, Bi-Directional Current and Power Monitor (0-36V) with I2C, SMBus-, and PMBus-Compatible Interface, TSSOP-10 (Texas DGS0010A / VSSOP)"
Sensor_Energy,INA234AxYBJ,Package_BGA:Texas_DSBGA-8_0.705x1.468mm_Layout2x4_P0.4mm,True,"Bidirectional Current/Voltage/Power Monitor (0-28V) With I2C Interface, DSBGA-8"
Sensor_Energy,INA237,Package_SO:TSSOP-10_3x3mm_P0.5mm,True,"High-Side or Low-Side Measurement, Bi-Directional Current and Power Monitor (0-85V) with I2C, SMBus-, and PMBus-Compatible Interface, TSSOP-10 (Texas DGS0010A / VSSOP)"
Sensor_Energy,INA238,Package_SO:TSSOP-10_3x3mm_P0.5mm,True,"High-Side or Low-Side Measurement, Bi-Directional Current and Power Monitor (0-85V) with I2C, SMBus-, and PMBus-Compatible Interface, TSSOP-10 (Texas DGS0010A / VSSOP)"
Sensor_Energy,INA260,Package_SO:TSSOP-16_4.4x5mm_P0.65mm,True,"Current/power/voltage monitor with Integrated 2mΩ Shunt Resistor, 2.7V - 5.5V, I2C, TSSOP-16"
Sensor_Energy,LTC4151xMS,Package_SO:MSOP-10_3x3mm_P0.5mm,True,"High Voltage I2C Current and Voltage Monitor, MSOP-10"
Sensor_Energy,MCP39F521,Package_DFN_QFN:QFN-28-1EP_5x5mm_P0.5mm_EP3.35x3.35mm,True,"Power Monitor, Calculation and Energy Accumulation, I2C, 16-bit, QFN-28"
Sensor_Energy,PAC1931x-xJ6CX,Package_CSP:WLCSP-16_2.225x2.17mm_Layout4x4_P0.5mm,True,"One Channel High-side Power Monitor, 32V, I2C, WLCSP-16"
Sensor_Energy,PAC1932x-xJ6CX,Package_CSP:WLCSP-16_2.225x2.17mm_Layout4x4_P0.5mm,True,"Two Channel High-side Power Monitor, 32V, I2C, WLCSP-16"
Sensor_Energy,PAC1932x-xJQ,Package_DFN_QFN:UQFN-16-1EP_4x4mm_P0.65mm_EP2.6x2.6mm,True,"Two Channel High-side Power Monitor, 32V, I2C, UQFN-16"
Sensor_Energy,PAC1933x-xJ6CX,Package_CSP:WLCSP-16_2.225x2.17mm_Layout4x4_P0.5mm,True,"Three Channel High-side Power Monitor, 32V, I2C, WLCSP-16"
Sensor_Energy,PAC1933x-xJQ,Package_DFN_QFN:UQFN-16-1EP_4x4mm_P0.65mm_EP2.6x2.6mm,True,"Three Channel High-side Power Monitor, 32V, I2C, UQFN-16"
Sensor_Energy,PAC1934x-xJ6CX,Package_CSP:WLCSP-16_2.225x2.17mm_Layout4x4_P0.5mm,True,"Four Channel High-side Power Monitor, 32V, I2C, WLCSP-16"
Sensor_Energy,PAC1934x-xJQ,Package_DFN_QFN:UQFN-16-1EP_4x4mm_P0.65mm_EP2.6x2.6mm,True,"Four Channel High-side Power Monitor, 32V, I2C, UQFN-16"
Sensor_Energy,PAC1941x-1x-4MX,Package_DFN_QFN:VQFN-16-1EP_3x3mm_P0.5mm_EP1.1x1.1mm,True,"One Channel High-side Power Monitor, 9V, I2C, VQFN-16"
Sensor_Energy,PAC1941x-1x-J6CX,Package_CSP:WLCSP-16_2.225x2.17mm_Layout4x4_P0.5mm,True,"One Channel High-side Power Monitor, 9V, I2C, WLCSP-16"
Sensor_Energy,PAC1941x-2x-4MX,Package_DFN_QFN:VQFN-16-1EP_3x3mm_P0.5mm_EP1.1x1.1mm,True,"One Channel Low-side Power Monitor, 9V, I2C, VQFN-16"
Sensor_Energy,PAC1941x-2x-J6CX,Package_CSP:WLCSP-16_2.225x2.17mm_Layout4x4_P0.5mm,True,"One Channel Low-side Power Monitor, 9V, I2C, WLCSP-16"
Sensor_Energy,PAC1942x-1x-4MX,Package_DFN_QFN:VQFN-16-1EP_3x3mm_P0.5mm_EP1.1x1.1mm,True,"Two Channel High-side Power Monitor, 9V, I2C, VQFN-16"
Sensor_Energy,PAC1942x-1x-J6CX,Package_CSP:WLCSP-16_2.225x2.17mm_Layout4x4_P0.5mm,True,"Two Channel High-side Power Monitor, 9V, I2C, WLCSP-16"
Sensor_Energy,PAC1942x-2x-4MX,Package_DFN_QFN:VQFN-16-1EP_3x3mm_P0.5mm_EP1.1x1.1mm,True,"Two Channel Low-side Power Monitor, 9V, I2C, VQFN-16"
Sensor_Energy,PAC1942x-2x-J6CX,Package_CSP:WLCSP-16_2.225x2.17mm_Layout4x4_P0.5mm,True,"Two Channel Low-side Power Monitor, 9V, I2C, WLCSP-16"
Sensor_Energy,PAC1943x-x4MX,Package_DFN_QFN:VQFN-16-1EP_3x3mm_P0.5mm_EP1.1x1.1mm,True,"Three Channel High-Side Power Monitor, 9V, I2C, VQFN-16"
Sensor_Energy,PAC1943x-xJ6CX,Package_CSP:WLCSP-16_2.225x2.17mm_Layout4x4_P0.5mm,True,"Three Channel High-Side Power Monitor, 9V, I2C, WLCSP-16"
Sensor_Energy,PAC1944x-x4MX,Package_DFN_QFN:VQFN-16-1EP_3x3mm_P0.5mm_EP1.1x1.1mm,True,"Four Channel High-side Power Monitor, 9V, I2C, VQFN-16"
Sensor_Energy,PAC1944x-xJ6CX,Package_CSP:WLCSP-16_2.225x2.17mm_Layout4x4_P0.5mm,True,"Four Channel High-side Power Monitor, 9V, I2C, WLCSP-16"
Sensor_Energy,PAC1951x-1x-4MX,Package_DFN_QFN:VQFN-16-1EP_3x3mm_P0.5mm_EP1.1x1.1mm,True,"One Channel High-side Power Monitor, 32V, I2C, VQFN-16"
Sensor_Energy,PAC1951x-1x-J6CX,Package_CSP:WLCSP-16_2.225x2.17mm_Layout4x4_P0.5mm,True,"One Channel High-side Power Monitor, 32V, I2C, WLCSP-16"
Sensor_Energy,PAC1951x-2x-4MX,Package_DFN_QFN:VQFN-16-1EP_3x3mm_P0.5mm_EP1.1x1.1mm,True,"One Channel Low-side Power Monitor, 32V, I2C, VQFN-16"
Sensor_Energy,PAC1951x-2x-J6CX,Package_CSP:WLCSP-16_2.225x2.17mm_Layout4x4_P0.5mm,True,"One Channel Low-side Power Monitor, 32V, I2C, WLCSP-16"
Sensor_Energy,PAC1952x-1x-4MX,Package_DFN_QFN:VQFN-16-1EP_3x3mm_P0.5mm_EP1.1x1.1mm,True,"Two Channel High-side Power Monitor, 32V, I2C, VQFN-16"
Sensor_Energy,PAC1952x-1x-J6CX,Package_CSP:WLCSP-16_2.225x2.17mm_Layout4x4_P0.5mm,True,"Two Channel High-side Power Monitor, 32V, I2C, WLCSP-16"
Sensor_Energy,PAC1952x-2x-4MX,Package_DFN_QFN:VQFN-16-1EP_3x3mm_P0.5mm_EP1.1x1.1mm,True,"Two Channel Low-side Power Monitor, 32V, I2C, VQFN-16"
Sensor_Energy,PAC1952x-2x-J6CX,Package_CSP:WLCSP-16_2.225x2.17mm_Layout4x4_P0.5mm,True,"Two Channel Low-side Power Monitor, 32V, I2C, WLCSP-16"
Sensor_Energy,PAC1953x-x4MX,Package_DFN_QFN:VQFN-16-1EP_3x3mm_P0.5mm_EP1.1x1.1mm,True,"Three Channel High-Side Power Monitor, 32V, I2C, VQFN-16"
Sensor_Energy,PAC1953x-xJ6CX,Package_CSP:WLCSP-16_2.225x2.17mm_Layout4x4_P0.5mm,True,"Three Channel High-Side Power Monitor, 32V, I2C, WLCSP-16"
Sensor_Energy,PAC1954x-x4MX,Package_DFN_QFN:VQFN-16-1EP_3x3mm_P0.5mm_EP1.1x1.1mm,True,"Four Channel High-side Power Monitor, 32V, I2C, VQFN-16"
Sensor_Energy,PAC1954x-xJ6CX,Package_CSP:WLCSP-16_2.225x2.17mm_Layout4x4_P0.5mm,True,"Four Channel High-side Power Monitor, 32V, I2C, WLCSP-16"
Sensor_Gas,004-0-0010,,False,"S8 Commercial, CO2 sensor, 400-2000 PPM, 1kHz PWM output, Modbus, THT"
Sensor_Gas,004-0-0013,,False,"S8 Residential, CO2 sensor, 400-2000 PPM, 1kHz PWM output, Modbus, THT"
Sensor_Gas,004-0-0050,,False,"S8 2%, CO2 sensor, 0.04-2% by volume, 1kHz PWM output, Modbus, THT"
Sensor_Gas,004-0-0053,,False,"S8 LP, CO2 sensor, 400-2000 PPM, 1kHz PWM output, Modbus, THT"
Sensor_Gas,004-0-0071,,False,"S8 5%, CO2 sensor, 0.04-5% by volume, 1kHz PWM output, Modbus, THT"
Sensor_Gas,004-0-0075,,False,"S8 Commercial, CO2 sensor, 400-2000 PPM, 1kHz PWM output, Modbus, THT"
Sensor_Gas,3SP-H2S-50_110-304,Sensor:SPEC_110-xxx_SMD-10Pin_20x20mm_P4.0mm,True,SPEC Sensors electrochemical H2S gas sensor
Sensor_Gas,CCS811,Package_LGA:AMS_LGA-10-1EP_2.7x4mm_P0.6mm,True,Ultra-low power digital gas sensor for monitoring indoor air quality
Sensor_Gas,GM-402B,Sensor:Winson_GM-402B_5x5mm_P1.27mm,True,MEMS Combustible Gas Sensor
Sensor_Gas,LuminOX_LOX-O2,Sensor:LuminOX_LOX-O2,True,SST LuminOX Luminescence-based O2 sensor
Sensor_Gas,MQ-6,Sensor:MQ-6,True,Semiconductor Sensor for Flammable Gas
Sensor_Gas,MiCS-5524,Sensor:Sensortech_MiCS_5x7mm_P1.25mm,True,Compact MOS CO sensor
Sensor_Gas,SCD40-D-R2,Sensor:Sensirion_SCD4x-1EP_10.1x10.1mm_P1.25mm_EP4.8x4.8mm,True,"Photoacoustic CO2 sensor, 40 000 ppm, I2C, 2.4-5.5 V, Base accuracy  400 - 2000 ppm"
Sensor_Gas,SCD41-D-R2,Sensor:Sensirion_SCD4x-1EP_10.1x10.1mm_P1.25mm_EP4.8x4.8mm,True,"Photoacoustic CO2 sensor, 40 000 ppm, I2C, 2.4-5.5 V, High accuracy  400 - 5000 ppm"
Sensor_Gas,TGS-5141,Sensor:TGS-5141,True,Figaro Carbon Monoxide sensor
Sensor_Humidity,ENS210,Package_DFN_QFN:AMS_QFN-4-1EP_2x2mm_P0.95mm_EP0.7x1.6mm,True,Relative Humidity and Temperature Sensor with I2C Interface
Sensor_Humidity,GXHTC3,Package_DFN_QFN:DFN-6-1EP_2x2mm_P0.5mm_EP0.7x1.6mm,True,"Relative Humidity and Temperature Sensor, I2C Interface, 1.62..5.5V supply, DFN-6"
Sensor_Humidity,HDC1080,Package_SON:Texas_PWSON-N6,True,"Low Power,High Accuracy Digital Humidity Sensor with Temperature Sensor"
Sensor_Humidity,HDC2080,Sensor_Humidity:Texas_S-PWSON-N6-HDC2080,True,Low Power Humidity and Temperature Sensor
Sensor_Humidity,SHT30-DIS,Sensor_Humidity:Sensirion_DFN-8-1EP_2.5x2.5mm_P0.5mm_EP1.1x1.7mm,True,"I²C humidity and temperature sensor, ±2%RH, ±0.2°C, DFN-8"
Sensor_Humidity,SHT30A-DIS,Sensor_Humidity:Sensirion_DFN-8-1EP_2.5x2.5mm_P0.5mm_EP1.1x1.7mm,True,"I²C humidity and temperature sensor, ±3%RH, ±0.3°C, AEQ-100, DFN-8"
Sensor_Humidity,SHT31-DIS,Sensor_Humidity:Sensirion_DFN-8-1EP_2.5x2.5mm_P0.5mm_EP1.1x1.7mm,True,"I²C humidity and temperature sensor, ±2%RH, ±0.2°C, DFN-8"
Sensor_Humidity,SHT31A-DIS,Sensor_Humidity:Sensirion_DFN-8-1EP_2.5x2.5mm_P0.5mm_EP1.1x1.7mm,True,"I²C humidity and temperature sensor, ±2%RH, ±0.3°C, AEQ-100, DFN-8"
Sensor_Humidity,SHT35-DIS,Sensor_Humidity:Sensirion_DFN-8-1EP_2.5x2.5mm_P0.5mm_EP1.1x1.7mm,True,"I²C humidity and temperature sensor, ±1.5%RH, ±0.1°C, DFN-8"
Sensor_Humidity,SHT35A-DIS,Sensor_Humidity:Sensirion_DFN-8-1EP_2.5x2.5mm_P0.5mm_EP1.1x1.7mm,True,"I²C humidity and temperature sensor, ±1.5%RH, ±0.2°C, AEQ-100, DFN-8"
Sensor_Humidity,SHT4x,Sensor_Humidity:Sensirion_DFN-4_1.5x1.5mm_P0.8mm_SHT4x_NoCentralPad,True,"Digital Humidity and Temperature Sensor, ±1%RH, ±0.1°C, I2C, 1.08-3.6V, 16bit, DFN-4"
Sensor_Humidity,SHTC1,Sensor_Humidity:Sensirion_DFN-4-1EP_2x2mm_P1mm_EP0.7x1.6mm,True,"Humidity and Temperature Sensor, ±3%RH, ±0.3°C, I2C, 1.62-1.98V, DFN-4"
Sensor_Humidity,SHTC3,Sensor_Humidity:Sensirion_DFN-4-1EP_2x2mm_P1mm_EP0.7x1.6mm,True,"Humidity and Temperature Sensor, ±2%RH, ±0.2°C, I2C, 1.62-3.6V, DFN-4"
Sensor_Humidity,Si7020-A20,Package_DFN_QFN:DFN-6-1EP_3x3mm_P1mm_EP1.5x2.4mm,True,"I2C Humidity and Temperature Sensor, DFN-6"
Sensor_Humidity,Si7021-A20,Package_DFN_QFN:DFN-6-1EP_3x3mm_P1mm_EP1.5x2.4mm,True,"I2C Humidity and Temperature Sensor, DFN-6"
Sensor_Magnetic,A1101xLH,Package_TO_SOT_SMD:SOT-23W,True,"Hall effect switch, unipolar (south-polarity), Bop=100G, Brp=45G, 3.8-24V supply, SOT-23W"
Sensor_Magnetic,A1101xUA,Package_TO_SOT_THT:TO-92S,True,"Hall effect switch, unipolar (south-polarity), Bop=100G, Brp=45G, 3.8-24V supply, TO-92S (3-pin SIP)"
Sensor_Magnetic,A1102xLH,Package_TO_SOT_SMD:SOT-23W,True,"Hall effect switch, unipolar (south-polarity), Bop=180G, Brp=125G, 3.8-24V supply, SOT-23W"
Sensor_Magnetic,A1103xLH,Package_TO_SOT_SMD:SOT-23W,True,"Hall effect switch, unipolar (south-polarity), Bop=280G, Brp=225G, 3.8-24V supply, SOT-23W"
Sensor_Magnetic,A1104xLH,Package_TO_SOT_SMD:SOT-23W,True,"Hall effect switch, unipolar (south-polarity), Bop=70-350G, Brp=50-330G, 3.8-24V supply, SOT-23W"
Sensor_Magnetic,A1106xLH,Package_TO_SOT_SMD:SOT-23W,True,"Hall effect switch, unipolar (south-polarity), Bop=340G, Brp=240G, 3.8-24V supply, SOT-23W"
Sensor_Magnetic,A1301xLH,Package_TO_SOT_SMD:SOT-23W,True,"Linear Hall Effect Sensor, 2.5 mV/G, 4.5-6.0V supply, SOT-23W"
Sensor_Magnetic,A1301xUA,Package_TO_SOT_THT:TO-92S,True,"Linear Hall Effect Sensor, 2.5 mV/G, 4.5-6.0V supply, TO-92S (3-pin SIP)"
Sensor_Magnetic,A1302xLH,Package_TO_SOT_SMD:SOT-23W,True,"Linear Hall Effect Sensor, 1.3 mV/G, 4.5-6.0V supply, SOT-23W"
Sensor_Magnetic,A1302xUA,Package_TO_SOT_THT:TO-92S,True,"Linear Hall Effect Sensor, 1.3 mV/G, 4.5-6.0V supply, TO-92S (3-pin SIP)"
Sensor_Magnetic,A1308xLHxx-1,Package_TO_SOT_SMD:SOT-23W,True,"Linear Hall Effect Sensor ICs with Analog Output, 1.3 mV/G, 4.5-5.5V supply, SOT-23W"
Sensor_Magnetic,A1308xLHxx-2,Package_TO_SOT_SMD:SOT-23W,True,"Linear Hall Effect Sensor ICs with Analog Output, 2.5 mV/G, 4.5-5.5V supply, SOT-23W"
Sensor_Magnetic,A1309xLHxx-9,Package_TO_SOT_SMD:SOT-23W,True,"Linear Hall Effect Sensor ICs with Analog Output, 9 mV/G, 4.5-5.5V supply, SOT-23W"
Sensor_Magnetic,A1369xUA-10,Package_TO_SOT_THT:TO-92S,True,"Customer-Programmable Linear Hall Effect Sensor, -8.5 to -12.5mV/G, TO-92S (3-pin SIP)"
Sensor_Magnetic,A1369xUA-24,Package_TO_SOT_THT:TO-92S,True,"Customer-Programmable Linear Hall Effect Sensor, -22 to -26mV/G, TO-92S (3-pin SIP)"
Sensor_Magnetic,A3214xLH,Package_TO_SOT_SMD:SOT-23W,True,"Hall Effect Switch, bipolar, Bop = -48 or +42G, Brp = -38 or 32G, 2.4-5.5V supply, SOT-23W"
Sensor_Magnetic,ACS73369xUAA-010B5,Package_TO_SOT_THT:TO-92S,True,"Customer-Programmable Linear Hall Effect Sensor, +9 to +13.5mV/G, TO-92S (3-pin SIP)"
Sensor_Magnetic,AH1806-P,,False,"High Sensitivity Micropower Omnipolar Hall-Effect Switch, SIP-3"
Sensor_Magnetic,AH1806-W,Package_TO_SOT_SMD:SC-59,True,"High Sensitivity Micropower Omnipolar Hall-Effect Switch, SC-59"
Sensor_Magnetic,AH1806-Z,Package_TO_SOT_SMD:SOT-553,True,"High Sensitivity Micropower Omnipolar Hall-Effect Switch, SOT-553"
Sensor_Magnetic,AH452UA,Package_TO_SOT_THT:TO-92S,True,"High sensitivity omnipolar Hall effect switch, Bop=±50G, Brp=±30G, TO-92S (3-pin SIP)"
Sensor_Magnetic,AK7452,Package_SO:TSSOP-16_4.4x5mm_P0.65mm,True,"Magnetic rotary angle sensor, 14-bit, SPI interface, ABZ, UVW, TSSOP-16"
Sensor_Magnetic,AS5045B,Package_SO:SSOP-16_5.3x6.2mm_P0.65mm,True,"Magnetic Position Sensor, 12-bit, PWM Output, ABI Output, SPI Interface, SSOP-16"
Sensor_Magnetic,AS5047D,Package_SO:TSSOP-14_4.4x5mm_P0.65mm,True,"On-Axis Magnetic Position Sensor, 14-bit, PWM Output, ABI Output, UVW Output, SPI Interface, TSSOP-14"
Sensor_Magnetic,AS5048A,Package_SO:TSSOP-14_4.4x5mm_P0.65mm,True,"Magnetic position sensor, 14-bit, PWM output, SPI Interface, TSSOP-14"
Sensor_Magnetic,AS5048B,Package_SO:TSSOP-14_4.4x5mm_P0.65mm,True,"Magnetic position sensor, 14-bit, PWM output, I2C Interface, TSSOP-14"
Sensor_Magnetic,AS5050A,Package_DFN_QFN:QFN-16-1EP_4x4mm_P0.65mm_EP2.7x2.7mm_PullBack,True,"Magnetic position sensor, 10-bit, SPI interface, QFN-16"
Sensor_Magnetic,AS5055A,Package_DFN_QFN:QFN-16-1EP_4x4mm_P0.65mm_EP2.7x2.7mm_PullBack,True,"Magnetic position sensor, 12-bit, SPI interface, QFN-16"
Sensor_Magnetic,AS5510-DSO,Package_SO:SOIC-8_3.9x4.9mm_P1.27mm,True,"Linear Hall Sensor, 10-bit resolution, I2C, SOIC-8"
Sensor_Magnetic,AS5510-DWL,Package_CSP:WLCSP-6_1.46x1.1mm_Layout3x2_P0.4mm,True,"Linear Hall Sensor, 10-bit resolution, I2C, WLCSP-6"
Sensor_Magnetic,BM1422AGMV,Package_LGA:Rohm_MLGA010V020A_LGA-10_2x2mm_P0.45mm_LayoutBorder2x3y,True,"Low power 3axis magnetic sensor, I2C interface, MLGA010V020A"
Sensor_Magnetic,BMM150,Package_CSP:WLCSP-12_1.56x1.56mm_P0.4mm,True,"Geomagnetic Sensor, WLCSP-12"
Sensor_Magnetic,DRV5033AJxDBZ,Package_TO_SOT_SMD:SOT-23,True,"±6.9 / ±3.5 mT, 20-kHz, 2-38V, SOT-23"
Sensor_Magnetic,DRV5033AJxLPG,Package_TO_SOT_THT:TO-92_Inline,True,"±6.9 / ±3.5 mT, 20-kHz, 2-38V, TO-92"
Sensor_Magnetic,DRV5033FAxDBZ,Package_TO_SOT_SMD:SOT-23,True,"±3.5 / ±2 mT, 20-kHz, 2-38V, SOT-23"
Sensor_Magnetic,DRV5033FAxLPG,Package_TO_SOT_THT:TO-92_Inline,True,"±3.5 / ±2 mT, 20-kHz, 2-38V, TO-92"
Sensor_Magnetic,DRV5055A1xDBZxQ1,Package_TO_SOT_SMD:SOT-23,True,"100 mV/mT,±21-mT, 20-kHz, 3.3/5V, SOT-23"
Sensor_Magnetic,DRV5055A1xLPGxQ1,Package_TO_SOT_THT:TO-92_Inline,True,"100 mV/mT,±21-mT, 20-kHz, 3.3/5V, TO-92"
Sensor_Magnetic,DRV5055A2xDBZxQ1,Package_TO_SOT_SMD:SOT-23,True,"50 mV/mT,±42-mT, 20-kHz, 3.3/5V, SOT-23"
Sensor_Magnetic,DRV5055A2xLPGxQ1,Package_TO_SOT_THT:TO-92_Inline,True,"50 mV/mT,±42-mT, 20-kHz, 3.3/5V, TO-92"
Sensor_Magnetic,DRV5055A3xDBZxQ1,Package_TO_SOT_SMD:SOT-23,True,"25 mV/mT,±85-mT, 20-kHz, 3.3/5V, SOT-23"
Sensor_Magnetic,DRV5055A3xLPGxQ1,Package_TO_SOT_THT:TO-92_Inline,True,"25 mV/mT,±85-mT, 20-kHz, 3.3/5V, TO-92"
Sensor_Magnetic,DRV5055A4xDBZxQ1,Package_TO_SOT_SMD:SOT-23,True,"12.5 mV/mT,±169-mT, 20-kHz, 3.3/5V, SOT-23"
Sensor_Magnetic,DRV5055A4xLPGxQ1,Package_TO_SOT_THT:TO-92_Inline,True,"12.5mV/mT,±169-mT, 20-kHz, 3.3/5V, TO-92"
Sensor_Magnetic,IST8308,Package_LGA:LGA-16_3x3mm_P0.5mm,True,"3D Magnetometer, High Sensitivity, I2C Interface, LGA-16"
Sensor_Magnetic,IST8310,Package_LGA:LGA-16_3x3mm_P0.5mm,True,"3D Magnetometer, I2C Interface, LGA-16"
Sensor_Magnetic,LIS2MDL,Package_LGA:LGA-12_2x2mm_P0.5mm,True,"Ultra-low-power, 3-axis digital output magnetometer, LGA-12"
Sensor_Magnetic,LIS3MDL,Package_LGA:LGA-12_2x2mm_P0.5mm,True,"Ultra-low-power, 3-axis digital output magnetometer, LGA-12"
Sensor_Magnetic,MA730,Package_DFN_QFN:QFN-16-1EP_3x3mm_P0.5mm_EP1.75x1.75mm,True,"Magnetic rotary angle sensor, 14-bit, SPI interface, ABZ, PWM, QFN-16"
Sensor_Magnetic,MLX90395xLW,Package_DFN_QFN:QFN-16-1EP_3x3mm_P0.5mm_EP1.675x1.675mm,True,"3-axis Magnetometer Node, SPI / I2C interface, VQFN-16"
Sensor_Magnetic,MMC5633NJL,Package_BGA:WLP-4_0.86x0.86mm_P0.4mm,True,"3-axis AMR Magnetometer, 30 G, I2C & I3C  Interface, 2mG RMS, WLP-4"
Sensor_Magnetic,MMC5883MA,Package_LGA:LGA-16_3x3mm_P0.5mm,True,"3-axis Magnetic Sensor, I2C Interface, LGA-16"
Sensor_Magnetic,MT6701CT,Package_SO:SO-8_3.9x4.9mm_P1.27mm,True,"Hall Based Angle Position Encoder Sensor, I2C, SSI, ABZ & UVW interfaces, 3.3..5V supply, SOIC-8"
Sensor_Magnetic,MT6701QT,Package_DFN_QFN:QFN-16-1EP_3x3mm_P0.5mm_EP1.7x1.7mm,True,"Hall Based Angle Position Encoder Sensor, I2C, SSI, ABZ & UVW interfaces, 3.3..5V supply, QFN-16"
Sensor_Magnetic,MT6816CT,Package_SO:SO-8_3.9x4.9mm_P1.27mm,True,"High Speed & High Resolution Magnetic Angle Sensor IC, SOIC-8"
Sensor_Magnetic,SM351LT,Package_TO_SOT_SMD:SOT-23,True,"Hall Effect Switch, SOT-23"
Sensor_Magnetic,SM353LT,Package_TO_SOT_SMD:SOT-23,True,"Hall Effect Switch, SOT-23"
Sensor_Magnetic,Si7210-B-xx-IM2,Package_DFN_QFN:TDFN-8_1.4x1.6mm_P0.4mm,True,"I2C Hall Effect Magnetic Position and Temperature Sensor, TDFN-8"
Sensor_Magnetic,Si7210-B-xx-IV,Package_TO_SOT_SMD:SOT-23-5,True,"I2C Hall Effect Magnetic Position and Temperature Sensor, SOT-23-5"
Sensor_Magnetic,TLE5012B,Package_SO:SOIC-8_3.9x4.9mm_P1.27mm,True,"15bit magnetic angle sensor based on GMR principle with diagnostic functions, SOIC-8"
Sensor_Magnetic,TLV493D,Package_TO_SOT_SMD:SOT-23-6,True,"Low power 3D magnetic sensor, I2C interface, SOT-23-6"
Sensor_Magnetic,TMAG5110A2xxDBV,Package_TO_SOT_SMD:SOT-23-5,True,"2-dimensional, dual channel, Hall effect latch, XY, 1.4 mT, SOT-23-5"
Sensor_Magnetic,TMAG5110A4xxDBV,Package_TO_SOT_SMD:SOT-23-5,True,"2-dimensional, dual channel, Hall effect latch, XY, 3 mT, SOT-23-5"
Sensor_Magnetic,TMAG5110B2xxDBV,Package_TO_SOT_SMD:SOT-23-5,True,"2-dimensional, dual channel, Hall effect latch, ZX, 1.4 mT, SOT-23-5"
Sensor_Magnetic,TMAG5110B4xxDBV,Package_TO_SOT_SMD:SOT-23-5,True,"2-dimensional, dual channel, Hall effect latch, ZX, 3 mT, SOT-23-5"
Sensor_Magnetic,TMAG5110C2xxDBV,Package_TO_SOT_SMD:SOT-23-5,True,"2-dimensional, dual channel, Hall effect latch, ZY, 1.4 mT, SOT-23-5"
Sensor_Magnetic,TMAG5110C4xxDBV,Package_TO_SOT_SMD:SOT-23-5,True,"2-dimensional, dual channel, Hall effect latch, ZY, 3  mT, SOT-23-5"
Sensor_Magnetic,TMAG5111A2xxDBV,Package_TO_SOT_SMD:SOT-23-5,True,"2-dimensional, dual channel, speed & dir output, Hall effect latch, XY, 1.4 mT, SOT-23-5"
Sensor_Magnetic,TMAG5111A4xxDBV,Package_TO_SOT_SMD:SOT-23-5,True,"2-dimensional, dual channel, speed & dir output, Hall effect latch, XY, 3 mT, SOT-23-5"
Sensor_Magnetic,TMAG5111B2xxDBV,Package_TO_SOT_SMD:SOT-23-5,True,"2-dimensional, dual channel, speed & dir output, Hall effect latch, ZX, 1.4 mT, SOT-23-5"
Sensor_Magnetic,TMAG5111B4xxDBV,Package_TO_SOT_SMD:SOT-23-5,True,"2-dimensional, dual channel, speed & dir output, Hall effect latch, ZX, 3 mT, SOT-23-5"
Sensor_Magnetic,TMAG5111C2xxDBV,Package_TO_SOT_SMD:SOT-23-5,True,"2-dimensional, dual channel, speed & dir output, Hall effect latch, ZY, 1.4 mT, SOT-23-5"
Sensor_Magnetic,TMAG5111C4xxDBV,Package_TO_SOT_SMD:SOT-23-5,True,"2-dimensional, dual channel, speed & dir output, Hall effect latch, ZY, 3  mT, SOT-23-5"
Sensor_Magnetic,TMAG5170-Q1,Package_SO:VSSOP-8_3x3mm_P0.65mm,True,"Magnetic 3-axis linear sensor, 12-bit, Automotive, SPI Interface, VSSOP-8"
Sensor_Motion,ADXL343,Package_LGA:LGA-14_3x5mm_P0.8mm_LayoutBorder1x6y,True,"3-Axis MEMS Accelerometer, 2/4/8/16g range, I2C/SPI, LGA-14"
Sensor_Motion,ADXL363,Sensor_Motion:Analog_LGA-16_3.25x3mm_P0.5mm_LayoutBorder3x5y,True,"Micropower 3-Axis Accelerometer, Thermometer, 2/4/8g range, SPI, LGA-16"
Sensor_Motion,BMF055,Package_LGA:LGA-28_5.2x3.8mm_P0.5mm,True,Custom programmable 9-axis motion sensor
Sensor_Motion,BMI088,Package_LGA:Bosch_LGA-16_4.5x3mm_P0.5mm_LayoutBorder7x1y_ClockwisePinNumbering,True,"Accelerometer, Gyroscope, 6-Axis Sensor, I2C / SPI interface, LGA-16"
Sensor_Motion,BMI160,Package_LGA:Bosch_LGA-14_3x2.5mm_P0.5mm,True,"Small, low power inertial measurement unit, LGA-14"
Sensor_Motion,BNO055,Package_LGA:LGA-28_5.2x3.8mm_P0.5mm,True,"Intelligent 9-axis absolute orientation sensor, LGA-28"
Sensor_Motion,ICM-20602,Package_LGA:LGA-16_3x3mm_P0.5mm_LayoutBorder3x5y,True,"High performance 6-Axis MEMS motion tracking, SPI/I2C interface, LGA-16"
Sensor_Motion,ICM-20948,Sensor_Motion:InvenSense_QFN-24_3x3mm_P0.4mm,True,"InvenSense 9-Axis Motion Sensor, Accelerometer, Gyroscope, Compass, I2C/SPI, QFN-24"
Sensor_Motion,IIM-42652,Package_LGA:Bosch_LGA-14_3x2.5mm_P0.5mm,True,"6-axis MEMS gyroscope/accelerometer, I2C/I3C/SPI interface, 1.71 to 3.3V, LGA-14"
Sensor_Motion,IIS3DWB,Package_LGA:LGA-14_3x2.5mm_P0.5mm_LayoutBorder3x4y,True,"Ultra-wide bandwidth, low-noise, 3-axis digital vibration sensor"
Sensor_Motion,IPS2200,Package_SO:TSSOP-16_4.4x5mm_P0.65mm,True,"Inductive Position Sensor, TSSOP-16"
Sensor_Motion,ISM330DHCX,Package_LGA:LGA-14_3x2.5mm_P0.5mm_LayoutBorder3x4y,True,"iNEMO inertial module with embedded Machine Learning Core: always-on 3D accelerometer and 3D gyroscope with digital output for industrial applications, LGA-14"
Sensor_Motion,KX022-1020,Package_LGA:LGA-12_2x2mm_P0.5mm,True,"3-Axis Accelerometer, 2/4/8g range, 256 byte buffer, I2C/SPI interface, LGA-12"
Sensor_Motion,KX122-1042,Package_LGA:LGA-12_2x2mm_P0.5mm,True,"3-Axis Accelerometer, 2/4/8g range, 2048 byte buffer, I2C/SPI interface, LGA-12"
Sensor_Motion,KX222-1054,Package_LGA:LGA-12_2x2mm_P0.5mm,True,"3-Axis Accelerometer, 8/16/32g range, 2048 byte buffer, I2C/SPI interface, LGA-12"
Sensor_Motion,KXTJ3-1057,Package_LGA:Kionix_LGA-12_2x2mm_P0.5mm_LayoutBorder2x4y,True,"±2g / 4g / 8g / 16g Tri-Axis Digital Accelerometer, I2C, 1.71-3.6V, LGA-12"
Sensor_Motion,L3GD20,Package_LGA:LGA-16_4x4mm_P0.65mm_LayoutBorder4x4y,True,"[Not recommended for new designs] 16-bit 3 Axis Digital MEMS Gyroscope, LGA-16"
Sensor_Motion,LIS2DE12,Package_LGA:LGA-12_2x2mm_P0.5mm,True,"3-Axis Accelerometer, 2/4/8/16g range, I2C/SPI interface"
Sensor_Motion,LIS2DH,Package_LGA:LGA-14_2x2mm_P0.35mm_LayoutBorder3x4y,True,"3-Axis Accelerometer, 2/4/8/16g range, I2C/SPI interface, LGA-14"
Sensor_Motion,LIS2HH12,Package_LGA:LGA-12_2x2mm_P0.5mm,True,"3-Axis Accelerometer, 2/4/8g range, I2C/SPI interface"
Sensor_Motion,LIS331HH,Package_LGA:LGA-16_3x3mm_P0.5mm_LayoutBorder3x5y,True,"3-Axis Accelerometer, 6/12/24g range, 1000Hz, I2C and SPI interface"
Sensor_Motion,LIS3DH,Package_LGA:LGA-16_3x3mm_P0.5mm_LayoutBorder3x5y,True,"3-Axis Accelerometer, 2/4/8/16g range, I2C/SPI interface, LGA-16"
Sensor_Motion,LSM303C,Package_LGA:LGA-12_2x2mm_P0.5mm,True,"I2C/SPI, 3D Accelerometer and 3D Magnetometer"
Sensor_Motion,LSM303D,Package_LGA:LGA-16_3x3mm_P0.5mm,True,"[not recommended for new designs] I2C/SPI, 3D Accelerometer and 3D Magnetometer"
Sensor_Motion,LSM303DLHC,Package_LGA:LGA-14_3x5mm_P0.8mm_LayoutBorder1x6y,True,"[not recommended for new designs] I2C, 3D Accelerometer and 3D Magnetometer"
Sensor_Motion,LSM6DS3,Package_LGA:LGA-14_3x2.5mm_P0.5mm_LayoutBorder3x4y,True,"I2C/SPI, iNEMO inertial module: always-on 3D accelerometer and 3D gyroscope"
Sensor_Motion,LSM6DSL,Package_LGA:LGA-14_3x2.5mm_P0.5mm_LayoutBorder3x4y,True,"I2C/SPI, iNEMO inertial module: always-on 3D accelerometer and 3D gyroscope, 1.71V to 3.6V VCC"
Sensor_Motion,LSM6DSM,Package_LGA:LGA-14_3x2.5mm_P0.5mm_LayoutBorder3x4y,True,"I2C/SPI, iNEMO inertial module: always-on 3D accelerometer and 3D gyroscope, with auxiliary SPI, 1.71V to 3.6V VCC"
Sensor_Motion,LSM9DS1,Package_LGA:LGA-24L_3x3.5mm_P0.43mm,True,I2C SPI 9 axis IMU accelerometer gyroscope magnetometer
Sensor_Motion,MMA8653FCR1,Package_DFN_QFN:DFN-10_2x2mm_P0.4mm,True,3-Axis 10-bit Digital Accelerometer with I2C interface
Sensor_Motion,MPU-6000,Sensor_Motion:InvenSense_QFN-24_4x4mm_P0.5mm,True,"InvenSense 6-Axis Motion Sensor, Gyroscope, Accelerometer, I2C/SPI"
Sensor_Motion,MPU-6050,Sensor_Motion:InvenSense_QFN-24_4x4mm_P0.5mm,True,"InvenSense 6-Axis Motion Sensor, Gyroscope, Accelerometer, I2C"
Sensor_Motion,MPU-9150,Sensor_Motion:InvenSense_QFN-24_4x4mm_P0.5mm,True,"InvenSense 9-Axis Motion Sensor, Accelerometer, Gyroscope, Compass, I2C"
Sensor_Motion,MPU-9250,Sensor_Motion:InvenSense_QFN-24_3x3mm_P0.4mm,True,"InvenSense 9-Axis Motion Sensor, Accelerometer, Gyroscope, Compass, I2C/SPI"
Sensor_Motion,SC7A20,Package_LGA:LGA-12_2x2mm_P0.5mm,True,"3-Axis Accelerometer, 2/4/8g/16g range, I2C/SPI interface, LGA-12"
Sensor_Optical,A1050,OptoDevice:R_LDR_D6.4mm_P3.4mm_Vertical,True,light dependent resistor
Sensor_Optical,A1060,OptoDevice:R_LDR_D6.4mm_P3.4mm_Vertical,True,light dependent resistor
Sensor_Optical,A9013,OptoDevice:R_LDR_5.0x4.1mm_P3mm_Vertical,True,light dependent resistor
Sensor_Optical,A9050,OptoDevice:R_LDR_5.0x4.1mm_P3mm_Vertical,True,light dependent resistor
Sensor_Optical,A9060,OptoDevice:R_LDR_5.0x4.1mm_P3mm_Vertical,True,light dependent resistor
Sensor_Optical,APDS-9251-001,OptoDevice:Broadcom_LGA-8_2x2mm_P0.5mm,True,"Digital RGB, IR, and Ambient Light Sensor, 1.7-3.6V, LGA-8"
Sensor_Optical,APDS-9301,OptoDevice:Broadcom_APDS-9301,True,"ambient light sensor, i2c interface, 2.7-3.6V"
Sensor_Optical,APDS-9306,OptoDevice:Broadcom_LGA-8_2x2mm_P0.53mm,True,"Ambient Light Sensor, I2C interface, 1.7-3.6V, LGA-8"
Sensor_Optical,APDS-9306-065,OptoDevice:Broadcom_DFN-6_2x2mm_P0.65mm,True,"Ambient Light Sensor, I2C interface, 1.7-3.6V, DFN-6"
Sensor_Optical,AS7261,Package_LGA:AMS_LGA-20_4.7x4.5mm_P0.65mm,True,"Spectral Sensing Engine, 6-Channel XYZ Spectral_ID"
Sensor_Optical,AS7262,Package_LGA:AMS_LGA-20_4.7x4.5mm_P0.65mm,True,"Spectral Sensing Engine, 6-Channel Visible Spectral_ID"
Sensor_Optical,AS7263,Package_LGA:AMS_LGA-20_4.7x4.5mm_P0.65mm,True,"Spectral Sensing Engine, 6-Channel NIR Spectral_ID"
Sensor_Optical,AS72651,Package_LGA:AMS_LGA-20_4.7x4.5mm_P0.65mm,True,"Smart 18-Channel VIS+NIR Spectral_ID Sensor with Electronic Shutter, LGA-20"
Sensor_Optical,AS7341DLG,Package_LGA:AMS_OLGA-8_2x3.1mm_P0.8mm,True,"11-Channel Multi-Spectral Digital Sensor, OLGA-8"
Sensor_Optical,AS7343xDLG,Package_LGA:AMS_OLGA-8_2x3.1mm_P0.8mm,True,"14-Channel Multi-Spectral Digital Sensor including XYZ, Clear and Flicker Detection, 380 - 1000 nm,OLGA-8"
Sensor_Optical,BP103,Package_TO_SOT_THT:TO-18-3_Lens,True,NPN Phototransistor
Sensor_Optical,BP103B,LED_THT:LED_D5.0mm_Clear,True,NPN phototransistor
Sensor_Optical,BP103BF,LED_THT:LED_D5.0mm_Clear,True,NPN phototransistor with daylight filter
Sensor_Optical,BP104,OptoDevice:Osram_DIL2_4.3x4.65mm_P5.08mm,True,Silicon PIN Photodiode
Sensor_Optical,BP104-SMD,OptoDevice:Osram_BP104-SMD,True,"Silicon PIN Photodiode,  Area 2.2x2.2mm"
Sensor_Optical,BPW21,Package_TO_SOT_THT:TO-5-2_Window,True,"Silicon Photodiode for the visible spectral range, TO-5 package"
Sensor_Optical,BPW34,OptoDevice:Osram_DIL2_4.3x4.65mm_P5.08mm,True,Silicon PIN Photodiode
Sensor_Optical,BPW34-SMD,OptoDevice:Osram_BPW34S-SMD,True,"Silicon PIN Photodiode, Area 2.65x2.65mm"
Sensor_Optical,BPW40,LED_THT:LED_D5.0mm_Clear,True,Phototransistor NPN
Sensor_Optical,BPW42,LED_THT:LED_D3.0mm_Clear,True,NPN phototransistor
Sensor_Optical,BPW82,OptoDevice:Osram_BPW82,True,Silicon PIN Photodiode with Daylight Blocking Filter
Sensor_Optical,BPW85,LED_THT:LED_D3.0mm_Clear,True,"Silicon NPN Phototransistor, Ica = 0.8-8mA, T-1"
Sensor_Optical,BPW85A,LED_THT:LED_D3.0mm_Clear,True,"Silicon NPN Phototransistor, Ica = 0.8-2.5mA, T-1"
Sensor_Optical,BPW85B,LED_THT:LED_D3.0mm_Clear,True,"Silicon NPN Phototransistor, Ica = 1.5-4mA, T-1"
Sensor_Optical,BPW85C,LED_THT:LED_D3.0mm_Clear,True,"Silicon NPN Phototransistor, Ica = 3-8mA, T-1"
Sensor_Optical,BPX61,Package_TO_SOT_THT:TO-5-2_Window,True,Silicon Photodiode for the visible spectral range
Sensor_Optical,BPX65,Package_TO_SOT_THT:TO-18-2_Lens,True,"Silicon PIN Photodiode, TO-18 package"
Sensor_Optical,BPY62,Package_TO_SOT_THT:TO-18-3_Lens,True,NPN Phototransistor
Sensor_Optical,C12880MA,OptoDevice:Hamamatsu_C12880,True,Micro spectrometer 340 to 850nm resolution 15nm
Sensor_Optical,D_SiPM_OnSemi_MicroFJ-300xx,Package_CSP:OnSemi_ODCSP8_BGA-8_3.16x3.16mm_Layout3x3_P1.26mm,True,"SiPM, OnSemi J-Series 3x3mm with fast output, 20/35um microcell size, 24.2..24.7Vbr, ODCSP-8"
Sensor_Optical,D_SiPM_OnSemi_MicroFJ-60035,Package_CSP:OnSemi_ODCSP36_BGA-36_6.13x6.13mm_Layout6x6_P1.0mm,True,"SiPM, OnSemi J-Series 6x6mm with fast output, 35um microcell size, 24.1..24.7Vbr, ODCSP36"
Sensor_Optical,Flir_LEPTON,,False,LWIR camera 8 to 14um 80x60 pixel
Sensor_Optical,ISL29035,OptoDevice:Renesas_DFN-6_1.5x1.6mm_P0.5mm,True,"ambient light sensor, i2c interface, 2.25-3.63V, DFN-6"
Sensor_Optical,KPS-3227,OptoDevice:Kingbright_KPS-3227,True,"Ambient light NPN phototransistor, KPS-3227"
Sensor_Optical,KPS-5130,OptoDevice:Kingbright_KPS-5130,True,"RGB Colour Sensor, KPS-5130"
Sensor_Optical,LDR03,OptoDevice:R_LDR_10x8.5mm_P7.6mm_Vertical,True,light dependent resistor
Sensor_Optical,LDR07,OptoDevice:R_LDR_5.1x4.3mm_P3.4mm_Vertical,True,light dependent resistor
Sensor_Optical,LPT80A,OptoDevice:Osram_LPT80A,True,NPN phototransistor
Sensor_Optical,LTR-303ALS-01,OptoDevice:Lite-On_LTR-303ALS-01,True,"ambient light sensor, i2c interface, 0.01 to 64k lux, 2.4-3.6V"
Sensor_Optical,M9960,OptoDevice:R_LDR_5.2x5.2mm_P3.5mm_Horizontal,True,light dependent resistor
Sensor_Optical,NOA1305,Package_DFN_QFN:DFN-6-1EP_2x2mm_P0.65mm_EP1x1.6mm,True,Ambient Light Sensor with I2C Interface and Dark Current Compensation
Sensor_Optical,PMTx08Dyn,,False,8-stage photomultiplier tube
Sensor_Optical,PMTx08Dyn_Shld,,False,8-stage photomultiplier tube with electrostatic and magnetic shield
Sensor_Optical,S13360-3025CS,OptoDevice:Hamamatsu_S13360-30CS,True,Multi-Pixel Photon Counter with 25µm pixel pitch
Sensor_Optical,S13360-3050CS,OptoDevice:Hamamatsu_S13360-30CS,True,Multi-Pixel Photon Counter with 50µm pixel pitch
Sensor_Optical,S13360-3075CS,OptoDevice:Hamamatsu_S13360-30CS,True,Multi-Pixel Photon Counter with 75µm pixel pitch
Sensor_Optical,S5971,Package_TO_SOT_THT:TO-18-3,True,"Si PIN Photodiode, 0.1 GHz, TO-18-3"
Sensor_Optical,S5972,Package_TO_SOT_THT:TO-18-3,True,"Si PIN Photodiode, 0.5 GHz, TO-18-3"
Sensor_Optical,S5973,Package_TO_SOT_THT:TO-18-3,True,"Si PIN Photodiode, 1 GHz, TO-18-3"
Sensor_Optical,SFH203,LED_THT:LED_D5.0mm_IRGrey,True,Silicon PIN Photodiode
Sensor_Optical,SFH203FA,LED_THT:LED_D5.0mm_IRGrey,True,Silicon PIN Photodiode with Daylight Blocking Filter
Sensor_Optical,SFH205F,OptoDevice:Osram_SFH205,True,Silicon PIN Photodiode with Daylight Blocking Filter
Sensor_Optical,SFH205FA,OptoDevice:Osram_SFH205,True,Silicon PIN Photodiode with Daylight Blocking Filter
Sensor_Optical,SFH206K,OptoDevice:Osram_SFH205,True,Silicon PIN Photodiode
Sensor_Optical,SFH216,Package_TO_SOT_THT:TO-18-2_Window,True,"Silicon PIN Photodiode With Very Short Switching Time, TO-18 package"
Sensor_Optical,SFH225FA,OptoDevice:Osram_SFH225,True,Silicon PIN Photodiode with Daylight Blocking Filter
Sensor_Optical,SFH235FA,OptoDevice:Osram_SFH225,True,Silicon PIN Photodiode with Daylight Blocking Filter
Sensor_Optical,SFH2400,OptoDevice:Osram_SMD-SmartDIL,True,"Silicon PIN Photodiode, SMD package"
Sensor_Optical,SFH2430,OptoDevice:Osram_SFH2430,True,"Silicon Photodiode, Vf 1.2V, Area 2.65x2.65mm"
Sensor_Optical,SFH2440,OptoDevice:Osram_SFH2440,True,"Silicon Photodiode, Vf 1V, Area 2.65x2.65mm"
Sensor_Optical,SFH2701,LED_SMD:LED_1206_3216Metric_Castellated,False,"High Speed PIN Photodiode, SMD package"
Sensor_Optical,SFH300,LED_THT:LED_D5.0mm_Clear,True,silicon NPN phototransistor
Sensor_Optical,SFH309,LED_THT:LED_D3.0mm_Clear,True,Phototransistor NPN
Sensor_Optical,SFH320,LED_SMD:LED_PLCC-2_3.4x3.0mm_KA,True,"Silicon NPN Phototransistor, PLCC-2"
Sensor_Optical,SFH3201,OptoDevice:Osram_SFH9x0x,True,"Silicon NPN phototransistor, SMD-6"
Sensor_Optical,TEPT4400,LED_THT:LED_D3.0mm_Clear,True,"Ambient Light Sensor, NPN Epitaxial Planar Phototransistor, T-1"
Sensor_Optical,TSL2550D,Package_SO:SOIC-8_3.9x4.9mm_P1.27mm,True,"Ambient Light Sensor with SMbus Interface, SO-8 interface"
Sensor_Optical,TSL2550T,OptoDevice:AMS_TSL2550_SMD,True,"Ambient Light Sensor with SMbus Interface, T-4 interface SMD"
Sensor_Optical,TSL25911FN,OptoDevice:AMS_TSL25911FN,True,"Light to digital converter, 2.7 to 3.6V Vdd, DFN-6"
Sensor_Optical,VT93xx,OptoDevice:R_LDR_4.9x4.2mm_P2.54mm_Vertical,True,light dependent resistor
Sensor_Pressure,40PC015G,,False,"Gauge pressure sensor, 0 to 15PSI, 5V supply, 0.2% accuracy, integrated signal conditioning, excellent media compatibility"
Sensor_Pressure,40PC100G,,False,"Gauge pressure sensor, 0 to 100PSI, 5V supply, 0.2% accuracy, integrated signal conditioning, excellent media compatibility"
Sensor_Pressure,40PC150G,,False,"Gauge pressure sensor, 0 to 150PSI, 5V supply, 0.2% accuracy, integrated signal conditioning, excellent media compatibility"
Sensor_Pressure,40PC250G,,False,"Gauge pressure sensor, 0 to 250PSI, 5V supply, 0.2% accuracy, integrated signal conditioning, excellent media compatibility"
Sensor_Pressure,ABPxxxxxxxxx0,,False,"Basic Board Mount Absolute Pressure Sensor, 60 mbar to 10 bar, 6 kPa to 1 MPa, 1 psi to 150 psi, I2C digital output, DIP-6 package"
Sensor_Pressure,ABPxxxxxxxxxA,,False,"Basic Board Mount Absolute Pressure Sensor, 60 mbar to 10 bar, 6 kPa to 1 MPa, 1 psi to 150 psi, analog output, DIP-6 package"
Sensor_Pressure,ABPxxxxxxxxxS,,False,"Basic Board Mount Absolute Pressure Sensor, 60 mbar to 10 bar, 6 kPa to 1 MPa, 1 psi to 150 psi, SPI digital output, DIP-6 package"
Sensor_Pressure,BMP280,Package_LGA:Bosch_LGA-8_2x2.5mm_P0.65mm_ClockwisePinNumbering,True,"Absolute Barometric Pressure Sensor, LGA-8"
Sensor_Pressure,ILPS28QSW,Package_LGA:ST_CCLGA-7L_2.8x2.8mm_P1.15mm_H1.95mm,True,"Dual full-scale (mode 1: 260..1260 hPa; mode 2: 260..4060 hPa), absolute digital output barometer with Qvar detection in a water-resistant package, 1.7..3.6V supply voltage, LGA-7"
Sensor_Pressure,LPS22DF,Package_LGA:ST_HLGA-10_2x2mm_P0.5mm_LayoutBorder3x2y,True,"MEMS absolute pressure sensor, 260-1260 hPa, 1-200Hz ODR, 24bit, I2C/I3C/SPI interface, 2x2mm ST_HLGA-10L"
Sensor_Pressure,LPS22HB,Package_LGA:ST_HLGA-10_2x2mm_P0.5mm_LayoutBorder3x2y,True,"MEMS nano pressure sensor, 260-1260 hPa, absolute digital output baromeeter, 24 bit, SPI, I2C, 0.0075 hPa noise rms, ST_HLGA-10L"
Sensor_Pressure,LPS22HH,Package_LGA:ST_HLGA-10_2x2mm_P0.5mm_LayoutBorder3x2y,True,"MEMS nano pressure sensor, 260-1260 hPa, absolute digital output baromeeter, 24 bit, SPI, I2C, I3C, 0.65 Pa noise rms, ST_HLGA-10L"
Sensor_Pressure,LPS25HB,Package_LGA:ST_HLGA-10_2.5x2.5mm_P0.6mm_LayoutBorder3x2y,True,"MEMS nano pressure sensor, 260-1260 hPa, absolute digital output baromeeter, 24 bit, SPI, I2C, 0.01 hPa noise rms, ST_HLGA-10L"
Sensor_Pressure,MPL115A1,Package_LGA:NXP_LGA-8_3x5mm_P1.25mm_H1.2mm,True,SPI Digital Barometer
Sensor_Pressure,MPL3115A2,Package_LGA:NXP_LGA-8_3x5mm_P1.25mm_H1.1mm,True,"I2C precision pressure sensor with altimetry, LGA-8"
Sensor_Pressure,MPXA6115A,,False,"Absolute pressure sensor, 15 to 115kPa, analog output, integrated signal conditioning, temperature compensated, SO package"
Sensor_Pressure,MPXAZ6115A,,False,"Absolute pressure sensor, 15 to 115kPa, analog output, integrated signal conditioning, temperature compensated, media resistant gel, SO package"
Sensor_Pressure,MPXH6115A,,False,"Absolute pressure sensor, 15 to 115kPa, analog output, integrated signal conditioning, temperature compensated, SSO package"
Sensor_Pressure,MPXHZ6115A,,False,"Absolute pressure sensor, 15 to 115kPa, analog output, integrated signal conditioning, temperature compensated, media resistant gel, SSO package"
Sensor_Pressure,MS5525DSO,,False,Integrated Digital Pressure Sensor
Sensor_Pressure,MS5607-02BA,Package_LGA:LGA-8_3x5mm_P1.25mm,True,"Barometric pressure sensor, 20cm resolution, 10 to 1200 mbar, I2C and SPI interface up to 20MHz, LGA-8"
Sensor_Pressure,MS5611-01BA,Package_LGA:LGA-8_3x5mm_P1.25mm,True,"Barometric pressure sensor, 10cm resolution, 10 to 1200 mbar, I2C and SPI interface up to 20MHz, LGA-8"
Sensor_Pressure,MS5837-xxBA,Sensor_Pressure:TE_MS5837-xxBA,True,"Ultra-small, gel-filled, pressure sensor with stainless steel cap"
Sensor_Pressure,WSEN-PADS_2511020213301,Package_LGA:ST_HLGA-10_2x2mm_P0.5mm_LayoutBorder3x2y,True,"MEMS nano pressure sensor, 260-1260 hPa, absolute digital output baromeeter, 24 bit, SPI, I2C, 0.75 Pa noise rms, ST_HLGA-10L"
Sensor_Pressure,XGZP6859D,Sensor_Pressure:CFSensor_XGZP6859D_7x7mm,True,"I2C pressure sensor, 24-bit, 2.5..5.5V supply"
Sensor_Pressure,XGZP6897D,Sensor_Pressure:CFSensor_XGZP6897x,True,"i2c differential digital, 2.5Vdc-5.5Vdc"
Sensor_Pressure,XGZP6899D,Sensor_Pressure:CFSensor_XGZP6899x,True,"i2c differential digital, 2.5Vdc-5.5Vdc"
Sensor_Proximity,AD7150BRMZ,Package_SO:MSOP-10_3x3mm_P0.5mm,True,"Capacitance to digital converter for proximity sensing, 2-channel, 12 bit, 0..13pF range, 2.7..3.6V supply, I²C interface, MSOP-8"
Sensor_Proximity,AD7151BRMZ,Package_SO:MSOP-10_3x3mm_P0.5mm,True,"Capacitance to digital converter for proximity sensing, 1-channel, 12 bit, 0..13pF range, 2.7..3.6V supply, I²C interface, MSOP-8"
Sensor_Proximity,APDS-9160-003,OptoDevice:Broadcom_APDS-9160-003,True,"Proximity Sensor, I2C interface, 1.7-3.6V, LGA-8"
Sensor_Proximity,BPR-105,OptoDevice:Everlight_ITR8307,True,"Subminiature Reflective Optical Sensor, SMD-package with PCB-cutout"
Sensor_Proximity,BPR-105F,OptoDevice:Everlight_ITR8307F43,True,"Subminiature Reflective Optical Sensor, DIP-like THT-package"
Sensor_Proximity,BPR-205,OptoDevice:Everlight_ITR8307,True,"Subminiature Reflective Optical Sensor, Darlington photo transistor, SMD-package with PCB-cutout"
Sensor_Proximity,CNY70,OptoDevice:Vishay_CNY70,True,Reflective Optical Sensor with Transistor Output
Sensor_Proximity,FDC1004DGS,Package_SO:TSSOP-10_3x3mm_P0.5mm,True,"Capacitance-to-digital converter for proximity sensing with active shield, 4-channel, 16-bit, +/-15 pF range, 3.3V supply, I²C interface, TSSOP-10"
Sensor_Proximity,GP2S700HCP,OptoDevice:Sharp_GP2S700HCP,True,Reflective Optical Sensor 0.217\
Sensor_Proximity,ITR1201SR10AR,OptoDevice:Everlight_ITR1201SR10AR,True,"Miniature Reflective Optical Object Sensor, SMD-4"
Sensor_Proximity,ITR8307,OptoDevice:Everlight_ITR8307,True,"Subminiature Reflective Optical Sensor, SMD-package with PCB-cutout"
Sensor_Proximity,ITR8307-F43,OptoDevice:Everlight_ITR8307F43,True,"Subminiature Reflective Optical Sensor, DIP-like THT-package"
Sensor_Proximity,ITR8307-L24-TR8,OptoDevice:Everlight_ITR1201SR10AR,True,"Miniature Reflective Optical Object Sensor, SMD-4"
Sensor_Proximity,ITR8307-S17-TR8,OptoDevice:Everlight_ITR1201SR10AR,True,"Miniature Reflective Optical Object Sensor, SMD-4"
Sensor_Proximity,ITR9608-F,OptoDevice:Everlight_ITR9608-F,True,"Photointerrupter infrared LED with photo IC, -25 to +85 degree Celsius"
Sensor_Proximity,KRC011,OptoDevice:Kingbright_KRC011_Vertical,True,Subminiature Reflective Optical Sensor
Sensor_Proximity,LDC1312,Package_SON:WSON-12-1EP_4x4mm_P0.5mm_EP2.6x3mm_ThermalVias,True,"Inductance to digital converter, 2-channel 12-bit, WSON-12"
Sensor_Proximity,LDC1314,Package_DFN_QFN:WQFN-16-1EP_4x4mm_P0.5mm_EP2.6x2.6mm_ThermalVias,True,"Inductance to digital converter, 4-channel 12-bit, WQFN-16"
Sensor_Proximity,LDC1612,Package_SON:WSON-12-1EP_4x4mm_P0.5mm_EP2.6x3mm_ThermalVias,True,"Inductance to digital converter, 2-channel 28-bit, WSON-12"
Sensor_Proximity,LDC1614,Package_DFN_QFN:WQFN-16-1EP_4x4mm_P0.5mm_EP2.6x2.6mm_ThermalVias,True,"Inductance to digital converter, 4-channel 28-bit, WQFN-16"
Sensor_Proximity,LG206D,OptoDevice:Kodenshi_LG206D,True,"Photointerrupter infrared LED with photo IC, non-inverting output, -0.5V to 17V VDD, -20 to +85 degree Celsius, LG206D"
Sensor_Proximity,LG206L,OptoDevice:Kodenshi_LG206L,True,"Photointerrupter infrared LED with photo IC, inverting output, -0.5V to 17V VDD, -20 to +85 degree Celsius, LG206X"
Sensor_Proximity,QRE1113,OptoDevice:OnSemi_CASE100AQ,True,"Miniature Reflective Optical Object Sensor, DIP-like THT-package"
Sensor_Proximity,QRE1113GR,OptoDevice:OnSemi_CASE100CY,True,"Miniature Reflective Optical Object Sensor, SMD-4"
Sensor_Proximity,RPR-0720,OptoDevice:Rohm_RPR-0720,True,"Proximity Sensor, I2C interface, 2x1x0.55mm, 1-15mm, 2.5-3.6V, LGA-6"
Sensor_Proximity,SFH900,OptoDevice:Siemens_SFH900,True,Miniature Light Reflection Switches
Sensor_Proximity,SFH9201,OptoDevice:Osram_SFH9x0x,True,"Reflective Opto Interrupter/Coupler, SMD-6"
Sensor_Proximity,SFH9202,OptoDevice:Osram_SFH9x0x,True,"Reflective Opto Interrupter/Coupler, SMD-6"
Sensor_Proximity,SFH9206,OptoDevice:Osram_SFH9x0x,True,"Reflective Opto Interrupter/Coupler, SMD-6"
Sensor_Proximity,SG-105,OptoDevice:Kodenshi_SG105,True,"Subminiature Reflective Optical Sensor, SMD-package with PCB-cutout"
Sensor_Proximity,SG-105F,OptoDevice:Kodenshi_SG105F,True,"Subminiature Reflective Optical Sensor, DIP-lie THT-package"
Sensor_Proximity,SG-107,OptoDevice:Kodenshi_SG105,True,"Subminiature Reflective Optical Sensor, SMD-package with PCB-cutout"
Sensor_Proximity,SG-107F,OptoDevice:Kodenshi_SG105F,True,"Subminiature Reflective Optical Sensor, DIP-lie THT-package"
Sensor_Proximity,TSSP58038,OptoDevice:Vishay_MINICAST-3Pin,True,IR Detector for Mid Range Proximity Sensor
Sensor_Proximity,TSSP58038SS1XB,OptoDevice:Vishay_MINICAST-3Pin,True,IR Receiver Module for Light Barrier Systems
Sensor_Proximity,TSSP58P38,OptoDevice:Vishay_MINICAST-3Pin,True,Photo Modules for PCM Remote Control Systems
Sensor_Temperature,AD8494,Package_SO:MSOP-8_3x3mm_P0.65mm,True,"Precision Thermocouple Amplifiers with Cold Junction Compensation, J-Type Thermocouple, 0 to 50C, MSOP-8"
Sensor_Temperature,AD8495,Package_SO:MSOP-8_3x3mm_P0.65mm,True,"Precision Thermocouple Amplifiers with Cold Junction Compensation, K-Type Thermocouple, 0 to 50C, MSOP-8"
Sensor_Temperature,AD8496,Package_SO:MSOP-8_3x3mm_P0.65mm,True,"Precision Thermocouple Amplifiers with Cold Junction Compensation, J-Type Thermocouple, 25 to 100C, MSOP-8"
Sensor_Temperature,AD8497,Package_SO:MSOP-8_3x3mm_P0.65mm,True,"Precision Thermocouple Amplifiers with Cold Junction Compensation, K-Type Thermocouple, 25 to 100C, MSOP-8"
Sensor_Temperature,BD1020HFV,Package_TO_SOT_SMD:HVSOF5,True,Analog Output Temperature Sensor
Sensor_Temperature,DS1621,Package_DIP:DIP-8_W7.62mm,True,"1-Wire Digital Thermometer and Thermostat, DIP-8"
Sensor_Temperature,DS1621S,Package_SO:SOIC-8_3.9x4.9mm_P1.27mm,True,"1-Wire Digital Thermometer and Thermostat, SOIC-8 (150 mil)"
Sensor_Temperature,DS1621V,Package_SO:SOIC-8_5.3x5.3mm_P1.27mm,True,"1-Wire Digital Thermometer and Thermostat, SOIC-8 (208 mil)"
Sensor_Temperature,DS1804,Package_DIP:DIP-8_W7.62mm,True,"Nonvolatile Trimmer Potentiometer, DIP-8"
Sensor_Temperature,DS1821C,Package_TO_SOT_THT:TO-92_Inline,True,Programmable Digital Thermostat and Thermometer TO-92
Sensor_Temperature,DS1822,Package_TO_SOT_THT:TO-92_Inline,True,Econo 1-Wire Digital Thermometer TO-92
Sensor_Temperature,DS1822-PAR,Package_TO_SOT_THT:TO-92_Inline,True,Econo 1-Wire Parasite-Power Digital Thermometer TO-92
Sensor_Temperature,DS1822Z,Package_SO:SOIC-8_3.9x4.9mm_P1.27mm,True,Econo 1-Wire Digital Thermometer SOIC-8
Sensor_Temperature,DS1825,Package_SO:MSOP-8_3x3mm_P0.65mm,True,Programmable Resolution 1-Wire Digital Thermometer With 4-Bit ID MSOP-8
Sensor_Temperature,DS18B20,Package_TO_SOT_THT:TO-92_Inline,True,Programmable Resolution 1-Wire Digital Thermometer TO-92
Sensor_Temperature,DS18B20-PAR,Package_TO_SOT_THT:TO-92_Inline,True,1-Wire Parasite-Power Digital Thermometer TO-92
Sensor_Temperature,DS18B20U,Package_SO:MSOP-8_3x3mm_P0.65mm,True,Programmable Resolution 1-Wire Digital Thermometer MSOP-8
Sensor_Temperature,DS18B20Z,Package_SO:SOIC-8_3.9x4.9mm_P1.27mm,True,Programmable Resolution 1-Wire Digital Thermometer SOIC-8
Sensor_Temperature,DS18S20,Package_TO_SOT_THT:TO-92_Inline,True,High-Precision 1-Wire Digital Thermometer TO-92
Sensor_Temperature,DS18S20-PAR,Package_TO_SOT_THT:TO-92_Inline,True,1-Wire Parasite-Power Digital Thermometer TO-92
Sensor_Temperature,DS18S20Z,Package_SO:SOIC-8_3.9x4.9mm_P1.27mm,True,High-Precision 1-Wire Digital Thermometer SOIC-8
Sensor_Temperature,DS28EA00,Package_SO:MSOP-8_3x3mm_P0.65mm,True,1-Wire Digital Thermometer with Sequence Detect and PIO
Sensor_Temperature,KT100,,False,KTY10/KT100 series silicon temperature sensors
Sensor_Temperature,KTY10,,False,KTY10/KT100 series silicon temperature sensors
Sensor_Temperature,KTY81,,False,KTY81 series silicon temperature sensors
Sensor_Temperature,KTY82,Package_TO_SOT_SMD:SOT-23,True,"KTY82 series silicon temperature sensors, SOT-23"
Sensor_Temperature,KTY83,Diode_THT:D_DO-34_SOD68_P7.62mm_Horizontal,True,"KTY83 series silicon temperature sensors, polarized, SOD68"
Sensor_Temperature,KTY84,Diode_THT:D_DO-34_SOD68_P7.62mm_Horizontal,True,"KTY84 series silicon temperature sensors, polarized, SOD68"
Sensor_Temperature,KTY85,Diode_SMD:D_MiniMELF,True,"KTY85 series silicon temperature sensors, polarized, SOD80"
Sensor_Temperature,LM20BIM7,Package_TO_SOT_SMD:SOT-353_SC-70-5,True,"Precision Temperature Sensor, Accuracy at 30°C ±1.5°C to ±4°C Maximum, SC70"
Sensor_Temperature,LM20CIM7,Package_TO_SOT_SMD:SOT-353_SC-70-5,True,"Precision Temperature Sensor, Accuracy at 30°C ±4°C to ±5°C Maximum, SC70"
Sensor_Temperature,LM35-D,Package_SO:SOIC-8_3.9x4.9mm_P1.27mm,True,"Precision centigrade temperature sensor, SOIC-8"
Sensor_Temperature,LM35-LP,Package_TO_SOT_THT:TO-92_Inline,True,"Precision centigrade temperature sensor, TO-92"
Sensor_Temperature,LM35-NEB,Package_TO_SOT_THT:TO-220-3_Vertical,True,"Precision centigrade temperature sensor, TO-220"
Sensor_Temperature,LM73,Package_TO_SOT_SMD:SOT-23-6,True,"11 to 14 Bit digital temperature sensor with 2 wire interface, SOT23-6"
Sensor_Temperature,LM73-1,Package_TO_SOT_SMD:SOT-23-6,True,"11 to 14 Bit digital temperature sensor with 2 wire interface, SOT23-6"
Sensor_Temperature,LM74CIM,Package_SO:SOIC-8_3.9x4.9mm_P1.27mm,True,"12-Bit plus sign digital temperature sensor with SPI/Microwire, SOIC-8"
Sensor_Temperature,LM74CITP,Package_BGA:Texas_DSBGA-5_1.5855x1.6365mm_Layout3x2_P0.5mm,True,"12-Bit plus sign digital temperature sensor with SPI/Microwire, DSBGA-5"
Sensor_Temperature,LM75B,,False,"Digital Temperature Sensor & Thermal Watchdog with LP on I2C and bus fault timeout, SOIC-8 and VSSOP-8"
Sensor_Temperature,LM75C,,False,"Digital Temperature Sensor & Thermal Watchdog, SOIC-8 and VSSOP-8"
Sensor_Temperature,LM92CIM,Package_SO:SOIC-8_3.9x4.9mm_P1.27mm,True,"Digital Temperature Sensor and Thermal Window Comparator With Two-Wire (I2C) Interface, SOIC-8"
Sensor_Temperature,LM94021,Package_TO_SOT_SMD:Texas_R-PDSO-G5_DCK-5,True,"Analog, selectable coefficient -5.5/-8.2/-10.9/-13.6mV/°C, ±2C accuracy, 1.5-5.5V supply, -50C to +150C, SOT-323"
Sensor_Temperature,LMT01DQX,Package_SON:Texas_DQX002A,True,0.5°C Accurate 2-Pin Digital Output Temperature Sensor With Pulse Count Interface. DQX (WSON-2) package
Sensor_Temperature,LMT01LPG,Package_TO_SOT_THT:TO-92-2,True,0.5°C Accurate 2-Pin Digital Output Temperature Sensor With Pulse Count Interface. TO-92-2 package
Sensor_Temperature,LMT84DCK,Package_TO_SOT_SMD:SOT-353_SC-70-5,True,"Analog temperature sensor, NTC, 0.4C accuracy, -5.5mV/C, -50C to +150C, 1.5 to 5.5V, SC-70-5"
Sensor_Temperature,LMT85DCK,Package_TO_SOT_SMD:SOT-353_SC-70-5,True,"Analog temperature sensor, NTC, 0.3C accuracy, -8.2mV/C, -50C to +150C, 1.8 to 5.5V, SC-70-5"
Sensor_Temperature,LMT86DCK,Package_TO_SOT_SMD:SOT-353_SC-70-5,True,"Analog temperature sensor, NTC, 0.25C accuracy, -10.9mV/C, -50C to +150C, 2.2 to 5.5V, SC-70-5"
Sensor_Temperature,LMT87DCK,Package_TO_SOT_SMD:SOT-353_SC-70-5,True,"Analog temperature sensor, NTC, 0.3C accuracy, -13.6mV/C, -50C to +150C, 2.7 to 5.5V, SC-70-5"
Sensor_Temperature,LTC2983,Package_QFP:LQFP-48_7x7mm_P0.5mm,True,"Multi-Sensor Temperature Measurement System, High Accuracy, LQFP-48 (7x7mm)"
Sensor_Temperature,MAX31820,Package_TO_SOT_THT:TO-92_Inline,True,1-Wire Ambient Temperature Sensor TO-92
Sensor_Temperature,MAX31820PAR,Package_TO_SOT_THT:TO-92_Inline,True,"1-Wire, Parasite-Power, Ambient Temperature Sensor TO-92"
Sensor_Temperature,MAX31826,Package_SO:MSOP-8_3x3mm_P0.65mm,True,1-Wire Digital Temperature Sensor with 1Kb Lockable EEPROM MSOP-8
Sensor_Temperature,MAX31855EASA,Package_SO:SOIC-8_3.9x4.9mm_P1.27mm,True,"Cold Junction E-type Thermocouple Interface, SPI, SOIC-8"
Sensor_Temperature,MAX31855JASA,Package_SO:SOIC-8_3.9x4.9mm_P1.27mm,True,"Cold Junction J-type Thermocouple Interface, SPI, SOIC-8"
Sensor_Temperature,MAX31855KASA,Package_SO:SOIC-8_3.9x4.9mm_P1.27mm,True,"Cold Junction K-type Thermocouple Interface, SPI, SOIC-8"
Sensor_Temperature,MAX31855NASA,Package_SO:SOIC-8_3.9x4.9mm_P1.27mm,True,"Cold Junction N-type Thermocouple Interface, SPI, SOIC-8"
Sensor_Temperature,MAX31855RASA,Package_SO:SOIC-8_3.9x4.9mm_P1.27mm,True,"Cold Junction R-type Thermocouple Interface, SPI, SOIC-8"
Sensor_Temperature,MAX31855SASA,Package_SO:SOIC-8_3.9x4.9mm_P1.27mm,True,"Cold Junction S-type Thermocouple Interface, SPI, SOIC-8"
Sensor_Temperature,MAX31855TASA,Package_SO:SOIC-8_3.9x4.9mm_P1.27mm,True,"Cold Junction T-type Thermocouple Interface, SPI, SOIC-8"
Sensor_Temperature,MAX31856,Package_SO:TSSOP-14_4.4x5mm_P0.65mm,True,"Precision Thermocouple to Digital Converter with Linearization, TSSOP-14"
Sensor_Temperature,MAX31865xAP,Package_SO:SSOP-20_5.3x7.2mm_P0.65mm,True,"RTD-to-Digital Converter, SSOP-20"
Sensor_Temperature,MAX31865xTP,Package_DFN_QFN:TQFN-20-1EP_5x5mm_P0.65mm_EP3.25x3.25mm,True,"RTD-to-Digital Converter, TQFN-20"
Sensor_Temperature,MAX6654,Package_SO:SSOP-16_3.9x4.9mm_P0.635mm,True,"Remote and Local Temperature Sensor, SSOP-16"
Sensor_Temperature,MCP9501,Package_TO_SOT_SMD:SOT-23-5,True,"Temperature Switch with Selectable Hysteresis, Open-Drain, Active-Low Output (Hot Option), SOT-23-5"
Sensor_Temperature,MCP9502,Package_TO_SOT_SMD:SOT-23-5,True,"Temperature Switch with Selectable Hysteresis, Push-Pull, Active-High Output (Hot Option), SOT-23-5"
Sensor_Temperature,MCP9503,Package_TO_SOT_SMD:SOT-23-5,True,"Temperature Switch with Selectable Hysteresis, Open-Drain, Active-Low Output (Cold Option), SOT-23-5"
Sensor_Temperature,MCP9504,Package_TO_SOT_SMD:SOT-23-5,True,"Temperature Switch with Selectable Hysteresis, Push-Pull, Active-High Output (Cold Option), SOT-23-5"
Sensor_Temperature,MCP96xx01x-x-MX,Package_DFN_QFN:QFN-20-1EP_5x5mm_P0.65mm_EP3.35x3.35mm,True,"Thermocouple EMF to Temperature Converter, VQFN-20"
Sensor_Temperature,MCP9700Ax-ELT,Package_TO_SOT_SMD:SOT-353_SC-70-5,True,"Low power, analog thermistor temperature sensor, ±2C accuracy, -40C to +125C, in SC-70-5"
Sensor_Temperature,MCP9700Ax-ETT,Package_TO_SOT_SMD:SOT-23,True,"Low power, analog thermistor temperature sensor, ±2C accuracy, -40C to +125C, in SOT-23-3"
Sensor_Temperature,MCP9700Ax-HLT,Package_TO_SOT_SMD:SOT-353_SC-70-5,True,"Low power, analog thermistor temperature sensor, ±2C accuracy, -40C to +150C, in SC-70-5"
Sensor_Temperature,MCP9700Ax-HTT,Package_TO_SOT_SMD:SOT-23,True,"Low power, analog thermistor temperature sensor, ±2C accuracy, -40C to +150C, in SOT-23-3"
Sensor_Temperature,MCP9700x-ELT,Package_TO_SOT_SMD:SOT-353_SC-70-5,True,"Low power, analog thermistor temperature sensor, ±4C accuracy, -40C to +125C, in SC-70-5"
Sensor_Temperature,MCP9700x-ETT,Package_TO_SOT_SMD:SOT-23,True,"Low power, analog thermistor temperature sensor, ±4C accuracy, -40C to +125C, in SOT-23-3"
Sensor_Temperature,MCP9700x-HLT,Package_TO_SOT_SMD:SOT-353_SC-70-5,True,"Low power, analog thermistor temperature sensor, ±4C accuracy, -40C to +150C, in SC-70-5"
Sensor_Temperature,MCP9700x-HTT,Package_TO_SOT_SMD:SOT-23,True,"Low power, analog thermistor temperature sensor, ±4C accuracy, -40C to +150C, in SOT-23-3"
Sensor_Temperature,MCP9800Ax-xOT,Package_TO_SOT_SMD:SOT-23-5,True,"2-Wire High-Accuracy Temperature Sensor, No Serial Bus time-out, SOT-23-5"
Sensor_Temperature,MCP9802Ax-xOT,Package_TO_SOT_SMD:SOT-23-5,True,"2-Wire High-Accuracy Temperature Sensor, Serial Bus time-out 35 ms, SOT-23-5"
Sensor_Temperature,MCP9804_DFN,Package_DFN_QFN:DFN-8-1EP_3x2mm_P0.5mm_EP1.7x1.4mm,True,"±0.25°C (±1°C) Typical (Maximum), Digital Temperature Sensor, DFN-8"
Sensor_Temperature,MCP9804_MSOP,Package_SO:MSOP-8_3x3mm_P0.65mm,True,"±0.25°C (±1°C) Typical (Maximum), Digital Temperature Sensor, MSOP-8"
Sensor_Temperature,MCP9808_DFN,Package_DFN_QFN:DFN-8-1EP_3x2mm_P0.5mm_EP1.7x1.4mm,True,"±0.25°C (±0.5°C) Typical (Maximum), Digital Temperature Sensor, DFN-8"
Sensor_Temperature,MCP9808_MSOP,Package_SO:MSOP-8_3x3mm_P0.65mm,True,"±0.25°C (±0.5°C) Typical (Maximum), Digital Temperature Sensor, MSOP-8"
Sensor_Temperature,MCP9844x-xMN,Package_DFN_QFN:DFN-8-1EP_3x2mm_P0.5mm_EP1.36x1.46mm,True,"±1°C Accurate, 1.8V Digital Temperature Sensor, I²C, DFN-8"
Sensor_Temperature,PCT2075D,Package_SO:SO-8_3.9x4.9mm_P1.27mm,True,"NXP I2C-bus Fm+ digital temperature sensor and thermal watchdog, SO-8"
Sensor_Temperature,PCT2075DP,Package_SO:TSSOP-8_3x3mm_P0.65mm,True,"NXP I2C-bus Fm+ digital temperature sensor and thermal watchdog, TSSOP-8"
Sensor_Temperature,PT100,,False,PT100 platinum temperature sensor (RTD)
Sensor_Temperature,PT1000,,False,PT1000 platinum temperature sensor (RTD)
Sensor_Temperature,PT500,,False,PT500 platinum temperature sensor (RTD)
Sensor_Temperature,Si7050-A20,Package_DFN_QFN:DFN-6-1EP_3x3mm_P1mm_EP1.65x2.55mm,False,"I2C Temperature Sensor, ±1.0ºC, DFN-6"
Sensor_Temperature,Si7051-A20,Package_DFN_QFN:DFN-6-1EP_3x3mm_P1mm_EP1.65x2.55mm,False,"I2C Temperature Sensor, ±0.1ºC, DFN-6"
Sensor_Temperature,Si7053-A20,Package_DFN_QFN:DFN-6-1EP_3x3mm_P1mm_EP1.65x2.55mm,False,"I2C Temperature Sensor, ±0.3ºC, DFN-6"
Sensor_Temperature,Si7054-A20,Package_DFN_QFN:DFN-6-1EP_3x3mm_P1mm_EP1.65x2.55mm,False,"I2C Temperature Sensor, ±0.4ºC, DFN-6"
Sensor_Temperature,Si7055-A20,Package_DFN_QFN:DFN-6-1EP_3x3mm_P1mm_EP1.65x2.55mm,False,"I2C Temperature Sensor, ±0.5ºC, DFN-6"
Sensor_Temperature,TC1047AxNB,Package_TO_SOT_SMD:SOT-23,True,"Precision Temperature-to-Voltage Converter, 10mV/ºC, -40ºC to +125ºC, ±2.0ºC (max), 2.5V to 5.5V, SOT-23"
Sensor_Temperature,TC1047xNB,Package_TO_SOT_SMD:SOT-23,True,"Precision Temperature-to-Voltage Converter, 10mV/ºC, -40ºC to +125ºC, ±2.0ºC (max), 2.7V to 4.4V, SOT-23"
Sensor_Temperature,TMP100,Package_TO_SOT_SMD:SOT-23-6,True,"Temperature Sensor with I2C/SMBus Interface, SOT-23-6"
Sensor_Temperature,TMP101,Package_TO_SOT_SMD:SOT-23-6,True,"Digital Temperature Sensor with I2C/SMBus Interface, ±2°C, one-shot conversion, alert, SOT-23-6"
Sensor_Temperature,TMP102xxDRL,Package_TO_SOT_SMD:SOT-563,True,"Digital Temperature Sensor, ±3°C, low-Power, SMBus, 12 bit, Two-Wire Serial Interface, SOT-563"
Sensor_Temperature,TMP1075D,Package_SO:SO-8_3.9x4.9mm_P1.27mm,True,"I2C-bus digital temperature sensor and thermal watchdog, SO-8"
Sensor_Temperature,TMP1075DGK,Package_SO:VSSOP-8_3x3mm_P0.65mm,True,"I2C-bus digital temperature sensor and thermal watchdog, VSSOP-8"
Sensor_Temperature,TMP1075DSG,Package_SON:WSON-8-1EP_2x2mm_P0.5mm_EP0.9x1.6mm_ThermalVias,True,"I2C-bus digital temperature sensor and thermal watchdog, WSON-8"
Sensor_Temperature,TMP110D,Package_SON:Texas_X2SON-5_0.8x0.8mm_P0.48mm,True,"Digital Temperature Sensor with I2C/SMBus Interface, +/-1° C accurate, address pin, X2SON"
Sensor_Temperature,TMP112xxDRL,Package_TO_SOT_SMD:SOT-563,True,"Digital Temperature Sensor with I2C/SMBus/Two-wire Interface, 12 bits, ±1°C, one-shot conversion, alert, nist traceable, SOT-563"
Sensor_Temperature,TMP114,Package_BGA:Texas_PicoStar_BGA-4_0.758x0.758mm_Layout2x2_P0.4mm,True,"Ultra-Small 0.76x0.76x0.15mm, 1.08..1.98V Supply, High Accuracy I2C 16-bit Digital Temperature Sensor, BGA-4"
Sensor_Temperature,TMP116xxDRV,Package_SON:WSON-6-1EP_2x2mm_P0.65mm_EP1x1.6mm,True,"Digital Temperature Sensor with I2C/SMBus Interface, 16 bits, ±0.3°C,  one-shot conversion, alert, nist traceable, EEPROM, WSON"
Sensor_Temperature,TMP117xxDRV,Package_SON:WSON-6-1EP_2x2mm_P0.65mm_EP1x1.6mm,True,"Digital Temperature Sensor with I2C/SMBus Interface, 16 bits, ±0.3°C, one-shot conversion, alert, nist traceable, EEPROM, WSON"
Sensor_Temperature,TMP117xxYBG,Package_BGA:Texas_DSBGA-6_0.95x1.488mm_Layout2x3_P0.4mm,True,"Digital Temperature Sensor with I2C/SMBus Interface, 16 bits, ±0.3°C, one-shot conversion, alert, nist traceable, EEPROM, DSBGA"
Sensor_Temperature,TMP119AIYBGR,Package_BGA:Texas_DSBGA-6_0.95x1.488mm_Layout2x3_P0.4mm,True,"Ultra-High Accuracy, Low-Power, Digital Temperature Sensor With SMBus and I2C-Compatible Interface, DSBGA-6"
Sensor_Temperature,TMP1826DGK,Package_SO:VSSOP-8_3x3mm_P0.65mm,True,"1-Wire digital temperature sensor and thermal watchdog with EEPROM, VSSOP-8"
Sensor_Temperature,TMP20AIDCK,Package_TO_SOT_SMD:SOT-353_SC-70-5,True,"Analog thermistor temperature sensor, ±2.5C accuracy, -55C to +130C, SC-70-5"
Sensor_Temperature,TMP20AIDRL,Package_TO_SOT_SMD:SOT-563,True,"Analog thermistor temperature sensor, ±2.5C accuracy, -55C to +130C, SOT-563-6"
Sensor_Temperature,TMP36xS,Package_SO:SOIC-8_3.9x4.9mm_P1.27mm,True,"Low Voltage Temperature Sensor, SOIC-8"
Sensor_Temperature,TMP411,,False,- Remote and Local TEMPERATURE SENSOR
Sensor_Temperature,TMP461xxRUN,Package_DFN_QFN:Texas_RUN0010A_WQFN-10_2x2mm_P0.5mm,True,"Texas Instruments High-Accuracy Remote and Local Temperature Sensor with Pin-Programmable Bus Address, WQFN-10"
Sensor_Temperature,TMP464xxRGT,Package_DFN_QFN:VQFN-16-1EP_3x3mm_P0.5mm_EP1.68x1.68mm,True,"Texas Instruments 5-Channel (4-Remote and 1-Local), High-Accuracy Temperature Sensor with Pin-Programmable Bus Address, VQFN-16"
Sensor_Temperature,TMP468xxRGT,Package_DFN_QFN:VQFN-16-1EP_3x3mm_P0.5mm_EP1.68x1.68mm,True,"Texas Instruments 9-Channel (8-Remote and 1-Local), High-Accuracy Temperature Sensor with Pin-Programmable Bus Address, VQFN-16"
Sensor_Temperature,TSIC206-SO8,Package_SO:SOIC-8_3.9x4.9mm_P1.27mm,True,"Digital temperature sensor, range -50 ... +150 °C, 0.5 K accuracy, SO-8"
Sensor_Temperature,TSIC206-TO92,Package_TO_SOT_THT:TO-92_Inline,True,"Digital temperature sensor, range -50 ... +150 °C, 0.5 K accuracy, TO-92"
Sensor_Temperature,TSIC306-SO8,Package_SO:SOIC-8_3.9x4.9mm_P1.27mm,True,"Digital temperature sensor, range -50 ... +150 °C, 0.3 K accuracy, SO-8"
Sensor_Temperature,TSIC306-TO92,Package_TO_SOT_THT:TO-92_Inline,True,"Digital temperature sensor, range -50 ... +150 °C, 0.3 K accuracy, TO-92"
Sensor_Touch,AT42QT1010-M,Package_DFN_QFN:DFN-8-1EP_2x2mm_P0.5mm_EP0.9x1.5mm,True,"Single-key Touch Sensor, UDFN-8"
Sensor_Touch,AT42QT1010-TSHR,Package_TO_SOT_SMD:SOT-23-6,True,"Single-key Touch Sensor, SOT-23-6"
Sensor_Touch,AT42QT1011-M,Package_DFN_QFN:DFN-8-1EP_2x2mm_P0.5mm_EP0.9x1.5mm,True,"Single-key Touch Sensor, UDFN-8"
Sensor_Touch,AT42QT1011-TSHR,Package_TO_SOT_SMD:SOT-23-6,True,"Single-key Touch Sensor, SOT-23-6"
Sensor_Touch,AT42QT1012-M,Package_DFN_QFN:DFN-8-1EP_2x2mm_P0.5mm_EP0.9x1.5mm,True,"Single-Key Touch Sensor IC, UDFN-8"
Sensor_Touch,AT42QT1012-T,Package_TO_SOT_SMD:SOT-23-6,True,"Single-Key Touch Sensor IC, SOT-23-6"
Sensor_Touch,AT42QT1040-M,Package_DFN_QFN:VQFN-20-1EP_3x3mm_P0.45mm_EP1.55x1.55mm,True,"Four-key Touch Sensor IC, VQFN-20"
Sensor_Touch,AT42QT1050-M,Package_DFN_QFN:VQFN-20-1EP_3x3mm_P0.45mm_EP1.55x1.55mm,True,"Five-Key Touch Sensor, VQFN-20"
Sensor_Touch,AT42QT1050-U,Package_CSP:WLCSP-12_1.403x1.555mm_Layout6x4_P0.4mm_Stagger,True,"Five-Key Touch Sensor, WLCSP-12"
Sensor_Touch,AT42QT1060-M,Package_DFN_QFN:VQFN-28-1EP_4x4mm_P0.45mm_EP2.4x2.4mm,True,"Six-Key Touch Sensor IC, VQFN-28"
Sensor_Touch,AT42QT1070-M,Package_DFN_QFN:VQFN-20-1EP_3x3mm_P0.45mm_EP1.55x1.55mm,True,"Seven-key Touch Sensor IC, VQFN-20"
Sensor_Touch,AT42QT1070-S,Package_SO:SOIC-14_3.9x8.7mm_P1.27mm,True,"Seven-key Touch Sensor IC, SOIC-14"
Sensor_Touch,AT42QT1110-M,Package_DFN_QFN:VQFN-32-1EP_5x5mm_P0.5mm_EP3.1x3.1mm,True,"11-Key Touch Sensor IC, VQFN-32"
Sensor_Touch,CAP1206-x-AIA,Package_DFN_QFN:DFN-10-1EP_3x3mm_P0.5mm_EP1.55x2.48mm,True,"6-Channel Capacitive Touch Sensor, DFN-10"
Sensor_Touch,CAP1206-x-SL,Package_SO:SOIC-14_3.9x8.7mm_P1.27mm,True,"6-Channel Capacitive Touch Sensor, SOIC-14"
Sensor_Touch,CY8CMBR3002,Package_SO:SOIC-8_3.9x4.9mm_P1.27mm,True,"CapSense Controller, 2 Sensors, SOIC-8"
Sensor_Touch,CY8CMBR3102,Package_SO:SOIC-8_3.9x4.9mm_P1.27mm,True,"CapSense Controller, 2 Sensors, SOIC-8"
Sensor_Touch,CY8CMBR3106S,Package_DFN_QFN:QFN-24-1EP_4x4mm_P0.5mm_EP2.6x2.6mm,True,"CapSense Controller, 16 Sensors w/ Slider, QFN-24+EP"
Sensor_Touch,CY8CMBR3108,Package_DFN_QFN:QFN-16-1EP_3x3mm_P0.5mm_EP1.8x1.8mm,False,"CapSense Controller, 8 Sensors, QFN-16+EP"
Sensor_Touch,CY8CMBR3110,Package_SO:SOIC-16_3.9x9.9mm_P1.27mm,True,"CapSense Controller, 10 Sensors, SOIC-16"
Sensor_Touch,CY8CMBR3116,Package_DFN_QFN:QFN-24-1EP_4x4mm_P0.5mm_EP2.6x2.6mm,True,"CapSense Controller, 16 Sensors, QFN-24+EP"
Sensor_Touch,MPR121QR2,Package_DFN_QFN:UQFN-20_3x3mm_P0.4mm,True,"12ch Touch Sensor controller, UQFN-20"
Sensor_Touch,PCA8886,Package_SO:TSSOP-16_4.4x5mm_P0.65mm,True,"Dual capacitive touch/proximity switch with auto-calibration, TSSOP-16"
Sensor_Touch,PCF8883,,False,"Capacitive touch/proximity switch with auto-calibration, SOIC-8/WLCSP-8"
Sensor_Voltage,LV25-P,Sensor_Voltage:LEM_LV25-P,True,LEM Voltage transducer LV 25-P
